# ************************************************************
# Sequel Pro SQL dump
# Version 4541
#
# http://www.sequelpro.com/
# https://github.com/sequelpro/sequelpro
#
# Host: 127.0.0.1 (MySQL 5.5.42)
# Database: ReservationSystem
# Generation Time: 2016-10-06 15:55:05 +0000
# ************************************************************


/*!40101 SET @OLD_CHARACTER_SET_CLIENT=@@CHARACTER_SET_CLIENT */;
/*!40101 SET @OLD_CHARACTER_SET_RESULTS=@@CHARACTER_SET_RESULTS */;
/*!40101 SET @OLD_COLLATION_CONNECTION=@@COLLATION_CONNECTION */;
/*!40101 SET NAMES utf8 */;
/*!40014 SET @OLD_FOREIGN_KEY_CHECKS=@@FOREIGN_KEY_CHECKS, FOREIGN_KEY_CHECKS=0 */;
/*!40101 SET @OLD_SQL_MODE=@@SQL_MODE, SQL_MODE='NO_AUTO_VALUE_ON_ZERO' */;
/*!40111 SET @OLD_SQL_NOTES=@@SQL_NOTES, SQL_NOTES=0 */;


# Dump of table zhihui_admin_user
# ------------------------------------------------------------

DROP TABLE IF EXISTS `zhihui_admin_user`;

CREATE TABLE `zhihui_admin_user` (
  `admin_id` smallint(5) unsigned NOT NULL AUTO_INCREMENT,
  `group_id` int(11) unsigned DEFAULT '0' COMMENT '管理员组ID',
  `login_name` varchar(60) DEFAULT '' COMMENT '登陆账号',
  `password` varchar(32) DEFAULT '' COMMENT '登陆密码',
  `salt` varchar(10) DEFAULT '' COMMENT '混淆码',
  `real_name` varchar(50) DEFAULT '' COMMENT '真实姓名',
  `email` varchar(60) DEFAULT '' COMMENT '邮箱地址',
  `phone` varchar(30) DEFAULT '' COMMENT '手机号',
  `qq` varchar(100) DEFAULT '' COMMENT 'QQ',
  `wechat` varchar(100) DEFAULT '' COMMENT '微信',
  `last_login_time` int(11) DEFAULT '0' COMMENT '最后登陆时间',
  `last_ip` varchar(15) DEFAULT '' COMMENT '最后登陆IP',
  `disable` tinyint(1) DEFAULT '0' COMMENT '账号状态。0启用，1禁用',
  `add_time` int(11) unsigned DEFAULT '0' COMMENT '账号创建时间。',
  `update_time` int(11) unsigned DEFAULT '0' COMMENT '账号最后修改时间。',
  PRIMARY KEY (`admin_id`),
  KEY `group_id` (`group_id`)
) ENGINE=InnoDB DEFAULT CHARSET=utf8 COMMENT='管理员表';

LOCK TABLES `zhihui_admin_user` WRITE;
/*!40000 ALTER TABLE `zhihui_admin_user` DISABLE KEYS */;

INSERT INTO `zhihui_admin_user` (`admin_id`, `group_id`, `login_name`, `password`, `salt`, `real_name`, `email`, `phone`, `qq`, `wechat`, `last_login_time`, `last_ip`, `disable`, `add_time`, `update_time`)
VALUES
	(1,1,'andylau','d92d985581f91a61f8cdb147e05a4587','1973','刘德华','1@qq.com','18888888888','1','18888888888',0,'',0,0,0);

/*!40000 ALTER TABLE `zhihui_admin_user` ENABLE KEYS */;
UNLOCK TABLES;


# Dump of table zhihui_admin_user_group
# ------------------------------------------------------------

DROP TABLE IF EXISTS `zhihui_admin_user_group`;

CREATE TABLE `zhihui_admin_user_group` (
  `id` int(11) unsigned NOT NULL AUTO_INCREMENT,
  `group_name` varchar(50) NOT NULL DEFAULT '' COMMENT '管理员组名称',
  PRIMARY KEY (`id`)
) ENGINE=InnoDB DEFAULT CHARSET=utf8 COMMENT='管理员组表';

LOCK TABLES `zhihui_admin_user_group` WRITE;
/*!40000 ALTER TABLE `zhihui_admin_user_group` DISABLE KEYS */;

INSERT INTO `zhihui_admin_user_group` (`id`, `group_name`)
VALUES
	(1,'系统管理员');

/*!40000 ALTER TABLE `zhihui_admin_user_group` ENABLE KEYS */;
UNLOCK TABLES;


# Dump of table zhihui_area_city
# ------------------------------------------------------------

DROP TABLE IF EXISTS `zhihui_area_city`;

CREATE TABLE `zhihui_area_city` (
  `city_id` bigint(20) unsigned NOT NULL AUTO_INCREMENT,
  `city_name` varchar(50) DEFAULT NULL,
  `province_id` bigint(20) DEFAULT NULL,
  `status` int(11) DEFAULT '1',
  PRIMARY KEY (`city_id`),
  KEY `province_id` (`province_id`)
) ENGINE=InnoDB DEFAULT CHARSET=utf8 ROW_FORMAT=DYNAMIC;

LOCK TABLES `zhihui_area_city` WRITE;
/*!40000 ALTER TABLE `zhihui_area_city` DISABLE KEYS */;

INSERT INTO `zhihui_area_city` (`city_id`, `city_name`, `province_id`, `status`)
VALUES
	(72,'朝阳区',1,1),
	(78,'黄浦区',2,1),
	(113,'万州区',4,1),
	(114,'涪陵区',4,1),
	(115,'梁平县',4,1),
	(119,'南川区',4,1),
	(123,'潼南县',4,1),
	(126,'大足区',4,1),
	(128,'黔江区',4,1),
	(129,'武隆县',4,1),
	(130,'丰都县',4,1),
	(131,'奉节县',4,1),
	(132,'开县',4,1),
	(133,'云阳县',4,1),
	(134,'忠县',4,1),
	(135,'巫溪县',4,1),
	(136,'巫山县',4,1),
	(137,'石柱县',4,1),
	(138,'彭水县',4,1),
	(139,'垫江县',4,1),
	(140,'酉阳县',4,1),
	(141,'秀山县',4,1),
	(142,'石家庄市',5,1),
	(148,'邯郸市',5,1),
	(164,'邢台市',5,1),
	(199,'保定市',5,1),
	(224,'张家口市',5,1),
	(239,'承德市',5,1),
	(248,'秦皇岛市',5,1),
	(258,'唐山市',5,1),
	(264,'沧州市',5,1),
	(274,'廊坊市',5,1),
	(275,'衡水市',5,1),
	(303,'太原市',6,1),
	(309,'大同市',6,1),
	(318,'阳泉市',6,1),
	(325,'晋城市',6,1),
	(330,'朔州市',6,1),
	(336,'晋中市',6,1),
	(350,'忻州市',6,1),
	(368,'吕梁市',6,1),
	(379,'临汾市',6,1),
	(398,'运城市',6,1),
	(412,'郑州市',7,1),
	(420,'开封市',7,1),
	(427,'洛阳市',7,1),
	(438,'平顶山市',7,1),
	(446,'焦作市',7,1),
	(454,'鹤壁市',7,1),
	(458,'新乡市',7,1),
	(468,'安阳市',7,1),
	(475,'濮阳市',7,1),
	(482,'许昌市',7,1),
	(489,'漯河市',7,1),
	(495,'三门峡市',7,1),
	(502,'南阳市',7,1),
	(517,'商丘市',7,1),
	(527,'周口市',7,1),
	(538,'驻马店市',7,1),
	(549,'信阳市',7,1),
	(560,'沈阳市',8,1),
	(573,'大连市',8,1),
	(579,'鞍山市',8,1),
	(584,'抚顺市',8,1),
	(589,'本溪市',8,1),
	(593,'丹东市',8,1),
	(598,'锦州市',8,1),
	(604,'葫芦岛市',8,1),
	(609,'营口市',8,1),
	(613,'盘锦市',8,1),
	(617,'阜新市',8,1),
	(621,'辽阳市',8,1),
	(632,'朝阳市',8,1),
	(639,'长春市',9,1),
	(644,'吉林市',9,1),
	(651,'四平市',9,1),
	(657,'通化市',9,1),
	(664,'白山市',9,1),
	(674,'松原市',9,1),
	(681,'白城市',9,1),
	(687,'延边州',9,1),
	(698,'哈尔滨市',10,1),
	(712,'齐齐哈尔市',10,1),
	(727,'鹤岗市',10,1),
	(731,'双鸭山市',10,1),
	(737,'鸡西市',10,1),
	(742,'大庆市',10,1),
	(753,'伊春市',10,1),
	(757,'牡丹江市',10,1),
	(765,'佳木斯市',10,1),
	(773,'七台河市',10,1),
	(776,'黑河市',10,1),
	(782,'绥化市',10,1),
	(793,'大兴安岭地区',10,1),
	(799,'呼和浩特市',11,1),
	(805,'包头市',11,1),
	(810,'乌海市',11,1),
	(812,'赤峰市',11,1),
	(823,'乌兰察布市',11,1),
	(835,'锡林郭勒盟',11,1),
	(848,'呼伦贝尔市',11,1),
	(870,'鄂尔多斯市',11,1),
	(880,'巴彦淖尔市',11,1),
	(891,'阿拉善盟',11,1),
	(895,'兴安盟',11,1),
	(902,'通辽市',11,1),
	(904,'南京市',12,1),
	(911,'徐州市',12,1),
	(919,'连云港市',12,1),
	(925,'淮安市',12,1),
	(933,'宿迁市',12,1),
	(939,'盐城市',12,1),
	(951,'扬州市',12,1),
	(959,'泰州市',12,1),
	(965,'南通市',12,1),
	(972,'镇江市',12,1),
	(978,'常州市',12,1),
	(984,'无锡市',12,1),
	(988,'苏州市',12,1),
	(1000,'济南市',13,1),
	(1007,'青岛市',13,1),
	(1016,'淄博市',13,1),
	(1022,'枣庄市',13,1),
	(1025,'东营市',13,1),
	(1032,'潍坊市',13,1),
	(1042,'烟台市',13,1),
	(1053,'威海市',13,1),
	(1058,'莱芜市',13,1),
	(1060,'德州市',13,1),
	(1072,'临沂市',13,1),
	(1081,'聊城市',13,1),
	(1090,'滨州市',13,1),
	(1099,'菏泽市',13,1),
	(1108,'日照市',13,1),
	(1112,'泰安市',13,1),
	(1114,'铜陵市',14,1),
	(1116,'合肥市',14,1),
	(1121,'淮南市',14,1),
	(1124,'淮北市',14,1),
	(1127,'芜湖市',14,1),
	(1132,'蚌埠市',14,1),
	(1137,'马鞍山市',14,1),
	(1140,'安庆市',14,1),
	(1151,'黄山市',14,1),
	(1158,'宁波市',15,1),
	(1159,'滁州市',14,1),
	(1167,'阜阳市',14,1),
	(1174,'亳州市',14,1),
	(1180,'宿州市',14,1),
	(1201,'池州市',14,1),
	(1206,'六安市',14,1),
	(1213,'杭州市',15,1),
	(1233,'温州市',15,1),
	(1243,'嘉兴市',15,1),
	(1250,'湖州市',15,1),
	(1255,'绍兴市',15,1),
	(1262,'金华市',15,1),
	(1273,'衢州市',15,1),
	(1280,'丽水市',15,1),
	(1290,'台州市',15,1),
	(1298,'舟山市',15,1),
	(1303,'福州市',16,1),
	(1310,'钓鱼岛',84,1),
	(1315,'厦门市',16,1),
	(1317,'三明市',16,1),
	(1329,'莆田市',16,1),
	(1332,'泉州市',16,1),
	(1341,'漳州市',16,1),
	(1352,'南平市',16,1),
	(1362,'龙岩市',16,1),
	(1370,'宁德市',16,1),
	(1381,'武汉市',17,1),
	(1387,'黄石市',17,1),
	(1396,'襄阳市',17,1),
	(1405,'十堰市',17,1),
	(1413,'荆州市',17,1),
	(1421,'宜昌市',17,1),
	(1432,'孝感市',17,1),
	(1441,'黄冈市',17,1),
	(1458,'咸宁市',17,1),
	(1466,'恩施州',17,1),
	(1475,'鄂州市',17,1),
	(1477,'荆门市',17,1),
	(1479,'随州市',17,1),
	(1482,'长沙市',18,1),
	(1488,'株洲市',18,1),
	(1495,'湘潭市',18,1),
	(1499,'韶山市',18,1),
	(1501,'衡阳市',18,1),
	(1511,'邵阳市',18,1),
	(1522,'岳阳市',18,1),
	(1530,'常德市',18,1),
	(1540,'张家界市',18,1),
	(1544,'郴州市',18,1),
	(1555,'益阳市',18,1),
	(1560,'永州市',18,1),
	(1574,'怀化市',18,1),
	(1586,'娄底市',18,1),
	(1592,'湘西州',18,1),
	(1601,'广州市',19,1),
	(1607,'深圳市',19,1),
	(1609,'珠海市',19,1),
	(1611,'汕头市',19,1),
	(1617,'韶关市',19,1),
	(1627,'河源市',19,1),
	(1634,'梅州市',19,1),
	(1643,'惠州市',19,1),
	(1650,'汕尾市',19,1),
	(1655,'东莞市',19,1),
	(1657,'中山市',19,1),
	(1659,'江门市',19,1),
	(1666,'佛山市',19,1),
	(1672,'阳江市',19,1),
	(1677,'湛江市',19,1),
	(1684,'茂名市',19,1),
	(1690,'肇庆市',19,1),
	(1698,'云浮市',19,1),
	(1704,'清远市',19,1),
	(1705,'潮州市',19,1),
	(1709,'揭阳市',19,1),
	(1715,'南宁市',20,1),
	(1720,'柳州市',20,1),
	(1726,'桂林市',20,1),
	(1740,'梧州市',20,1),
	(1746,'北海市',20,1),
	(1749,'防城港市',20,1),
	(1753,'钦州市',20,1),
	(1757,'贵港市',20,1),
	(1761,'玉林市',20,1),
	(1792,'贺州市',20,1),
	(1806,'百色市',20,1),
	(1818,'河池市',20,1),
	(1827,'南昌市',21,1),
	(1832,'景德镇市',21,1),
	(1836,'萍乡市',21,1),
	(1842,'新余市',21,1),
	(1845,'九江市',21,1),
	(1857,'鹰潭市',21,1),
	(1861,'上饶市',21,1),
	(1874,'宜春市',21,1),
	(1885,'抚州市',21,1),
	(1898,'吉安市',21,1),
	(1911,'赣州市',21,1),
	(1930,'成都市',22,1),
	(1946,'自贡市',22,1),
	(1950,'攀枝花市',22,1),
	(1954,'泸州市',22,1),
	(1960,'绵阳市',22,1),
	(1962,'德阳市',22,1),
	(1977,'广元市',22,1),
	(1983,'遂宁市',22,1),
	(1988,'内江市',22,1),
	(1993,'乐山市',22,1),
	(2005,'宜宾市',22,1),
	(2016,'广安市',22,1),
	(2022,'南充市',22,1),
	(2033,'达州市',22,1),
	(2042,'巴中市',22,1),
	(2047,'雅安市',22,1),
	(2058,'眉山市',22,1),
	(2065,'资阳市',22,1),
	(2070,'阿坝州',22,1),
	(2084,'甘孜州',22,1),
	(2103,'凉山州',22,1),
	(2121,'海口市',23,1),
	(2144,'贵阳市',24,1),
	(2150,'六盘水市',24,1),
	(2155,'遵义市',24,1),
	(2169,'铜仁市',24,1),
	(2180,'毕节市',24,1),
	(2189,'安顺市',24,1),
	(2196,'黔西南州',24,1),
	(2205,'黔东南州',24,1),
	(2222,'黔南州',24,1),
	(2235,'昆明市',25,1),
	(2247,'曲靖市',25,1),
	(2258,'玉溪市',25,1),
	(2270,'昭通市',25,1),
	(2281,'普洱市',25,1),
	(2291,'临沧市',25,1),
	(2298,'保山市',25,1),
	(2304,'丽江市',25,1),
	(2309,'文山州',25,1),
	(2318,'红河州',25,1),
	(2332,'西双版纳州',25,1),
	(2336,'楚雄州',25,1),
	(2347,'大理州',25,1),
	(2360,'德宏州',25,1),
	(2366,'怒江州',25,1),
	(2376,'西安市',27,1),
	(2386,'铜川市',27,1),
	(2390,'宝鸡市',27,1),
	(2402,'咸阳市',27,1),
	(2416,'渭南市',27,1),
	(2428,'延安市',27,1),
	(2442,'汉中市',27,1),
	(2454,'榆林市',27,1),
	(2468,'商洛市',27,1),
	(2476,'安康市',27,1),
	(2487,'兰州市',28,1),
	(2492,'金昌市',28,1),
	(2495,'白银市',28,1),
	(2501,'天水市',28,1),
	(2509,'嘉峪关市',28,1),
	(2518,'平凉市',28,1),
	(2525,'庆阳市',28,1),
	(2534,'陇南市',28,1),
	(2544,'武威市',28,1),
	(2549,'张掖市',28,1),
	(2556,'酒泉市',28,1),
	(2564,'甘南州',28,1),
	(2573,'临夏州',28,1),
	(2580,'西宁市',29,1),
	(2585,'海东地区',29,1),
	(2592,'海北州',29,1),
	(2597,'黄南州',29,1),
	(2603,'海南州',29,1),
	(2605,'果洛州',29,1),
	(2612,'玉树州',29,1),
	(2620,'海西州',29,1),
	(2628,'银川市',30,1),
	(2632,'石嘴山市',30,1),
	(2637,'吴忠市',30,1),
	(2644,'固原市',30,1),
	(2652,'乌鲁木齐市',31,1),
	(2654,'克拉玛依市',31,1),
	(2656,'石河子市',31,1),
	(2658,'吐鲁番地区',31,1),
	(2662,'哈密地区',31,1),
	(2666,'和田地区',31,1),
	(2675,'阿克苏地区',31,1),
	(2686,'喀什地区',31,1),
	(2699,'克孜勒苏州',31,1),
	(2704,'巴音郭楞州',31,1),
	(2714,'昌吉州',31,1),
	(2723,'博尔塔拉州',31,1),
	(2727,'伊犁州',31,1),
	(2736,'塔城地区',31,1),
	(2744,'阿勒泰地区',31,1),
	(2754,'香港特别行政区',42,1),
	(2768,'台湾',32,1),
	(2770,'澳门市',43,1),
	(2780,'济源市',7,1),
	(2800,'海淀区',1,1),
	(2801,'西城区',1,1),
	(2802,'东城区',1,1),
	(2803,'崇文区',1,1),
	(2804,'宣武区',1,1),
	(2805,'丰台区',1,1),
	(2806,'石景山区',1,1),
	(2807,'门头沟',1,1),
	(2808,'房山区',1,1),
	(2809,'通州区',1,1),
	(2810,'大兴区',1,1),
	(2812,'顺义区',1,1),
	(2813,'徐汇区',2,1),
	(2814,'怀柔区',1,1),
	(2815,'长宁区',2,1),
	(2816,'密云区',1,1),
	(2817,'静安区',2,1),
	(2820,'闸北区',2,1),
	(2822,'虹口区',2,1),
	(2823,'杨浦区',2,1),
	(2824,'宝山区',2,1),
	(2825,'闵行区',2,1),
	(2826,'嘉定区',2,1),
	(2830,'浦东新区',2,1),
	(2833,'青浦区',2,1),
	(2834,'松江区',2,1),
	(2835,'金山区',2,1),
	(2837,'奉贤区',2,1),
	(2841,'普陀区',2,1),
	(2900,'济宁市',13,1),
	(2901,'昌平区',1,1),
	(2919,'崇明县',2,1),
	(2922,'潜江市',17,1),
	(2951,'拉萨市',26,1),
	(2953,'平谷区',1,1),
	(2971,'宣城市',14,1),
	(2980,'天门市',17,1),
	(2983,'仙桃市',17,1),
	(2992,'辽源市',9,1),
	(3034,'儋州市',23,1),
	(3044,'来宾市',20,1),
	(3065,'延庆县',1,1),
	(3071,'中卫市',30,1),
	(3074,'长治市',6,1),
	(3080,'定西市',28,1),
	(3107,'那曲地区',26,1),
	(3115,'琼海市',23,1),
	(3129,'山南地区',26,1),
	(3137,'万宁市',23,1),
	(3138,'昌都地区',26,1),
	(3144,'日喀则地区',26,1),
	(3154,'神农架林区',17,1),
	(3168,'崇左市',20,1),
	(3173,'东方市',23,1),
	(3690,'三亚市',23,1),
	(3698,'文昌市',23,1),
	(3699,'五指山市',23,1),
	(3701,'临高县',23,1),
	(3702,'澄迈县',23,1),
	(3703,'定安县',23,1),
	(3704,'屯昌县',23,1),
	(3705,'昌江县',23,1),
	(3706,'白沙县',23,1),
	(3707,'琼中县',23,1),
	(3708,'陵水县',23,1),
	(3709,'保亭县',23,1),
	(3710,'乐东县',23,1),
	(3711,'三沙市',23,1),
	(3970,'阿里地区',26,1),
	(3971,'林芝地区',26,1),
	(4108,'迪庆州',25,1),
	(4110,'五家渠市',31,1),
	(4163,'博尔塔拉蒙古自治州阿拉山口口岸',31,1),
	(4164,'城口县',4,1),
	(6858,'铁岭市',8,1),
	(15945,'阿拉尔市',31,1),
	(15946,'图木舒克市',31,1),
	(48131,'璧山县',4,1),
	(48132,'荣昌县',4,1),
	(48133,'铜梁县',4,1),
	(48201,'合川区',4,1),
	(48202,'巴南区',4,1),
	(48203,'北碚区',4,1),
	(48204,'江津区',4,1),
	(48205,'渝北区',4,1),
	(48206,'长寿区',4,1),
	(48207,'永川区',4,1),
	(50950,'江北区',4,1),
	(50951,'南岸区',4,1),
	(50952,'九龙坡区',4,1),
	(50953,'沙坪坝区',4,1),
	(50954,'大渡口区',4,1),
	(50995,'綦江区',4,1),
	(51026,'渝中区',4,1),
	(51027,'高新区',4,1),
	(51028,'北部新区',4,1),
	(51035,'东丽区',3,1),
	(51036,'和平区',3,1),
	(51037,'河北区',3,1),
	(51038,'河东区',3,1),
	(51039,'河西区',3,1),
	(51040,'红桥区',3,1),
	(51041,'蓟县',3,1),
	(51042,'静海县',3,1),
	(51043,'南开区',3,1),
	(51044,'塘沽区',3,1),
	(51045,'西青区',3,1),
	(51046,'武清区',3,1),
	(51047,'津南区',3,1),
	(51048,'汉沽区',3,1),
	(51049,'大港区',3,1),
	(51050,'北辰区',3,1),
	(51051,'宝坻区',3,1),
	(51052,'宁河县',3,1);

/*!40000 ALTER TABLE `zhihui_area_city` ENABLE KEYS */;
UNLOCK TABLES;


# Dump of table zhihui_area_district
# ------------------------------------------------------------

DROP TABLE IF EXISTS `zhihui_area_district`;

CREATE TABLE `zhihui_area_district` (
  `district_id` bigint(20) unsigned NOT NULL AUTO_INCREMENT,
  `district_name` varchar(50) DEFAULT NULL,
  `city_id` bigint(20) DEFAULT NULL,
  `status` int(11) DEFAULT '1',
  PRIMARY KEY (`district_id`),
  KEY `city_id` (`city_id`)
) ENGINE=InnoDB DEFAULT CHARSET=utf8 ROW_FORMAT=DYNAMIC;

LOCK TABLES `zhihui_area_district` WRITE;
/*!40000 ALTER TABLE `zhihui_area_district` DISABLE KEYS */;

INSERT INTO `zhihui_area_district` (`district_id`, `district_name`, `city_id`, `status`)
VALUES
	(88,'内环以内',50950,1),
	(98,'全境',51041,1),
	(103,'全境',51026,1),
	(106,'内环以内',50952,1),
	(111,'内环以内',50954,1),
	(143,'辛集市',142,1),
	(145,'晋州市',142,1),
	(146,'新乐市',142,1),
	(153,'井陉县',142,1),
	(154,'栾城县',142,1),
	(156,'行唐县',142,1),
	(157,'灵寿县',142,1),
	(158,'高邑县',142,1),
	(159,'赵县',142,1),
	(160,'赞皇县',142,1),
	(161,'深泽县',142,1),
	(162,'无极县',142,1),
	(163,'元氏县',142,1),
	(167,'邯郸县',148,1),
	(168,'峰峰矿区',148,1),
	(169,'曲周县',148,1),
	(170,'馆陶县',148,1),
	(171,'魏县',148,1),
	(172,'成安县',148,1),
	(173,'大名县',148,1),
	(174,'涉县',148,1),
	(175,'鸡泽县',148,1),
	(176,'邱县',148,1),
	(177,'广平县',148,1),
	(178,'肥乡县',148,1),
	(180,'磁县',148,1),
	(183,'邢台县',164,1),
	(184,'南宫市',164,1),
	(185,'沙河市',164,1),
	(186,'柏乡县',164,1),
	(187,'任县',164,1),
	(188,'清河县',164,1),
	(189,'隆尧县',164,1),
	(190,'临城县',164,1),
	(191,'广宗县',164,1),
	(192,'临西县',164,1),
	(193,'内丘县',164,1),
	(194,'平乡县',164,1),
	(195,'巨鹿县',164,1),
	(196,'新河县',164,1),
	(197,'南和县',164,1),
	(203,'安国市',199,1),
	(205,'满城县',199,1),
	(206,'清苑县',199,1),
	(207,'涞水县',199,1),
	(208,'阜平县',199,1),
	(210,'定兴县',199,1),
	(211,'唐县',199,1),
	(212,'高阳县',199,1),
	(213,'容城县',199,1),
	(214,'涞源县',199,1),
	(215,'望都县',199,1),
	(217,'易县',199,1),
	(218,'曲阳县',199,1),
	(219,'蠡县',199,1),
	(220,'顺平县',199,1),
	(221,'博野县',199,1),
	(222,'雄县',199,1),
	(225,'宣化县',224,1),
	(226,'康保县',224,1),
	(227,'张北县',224,1),
	(228,'阳原县',224,1),
	(229,'赤城县',224,1),
	(230,'怀安县',224,1),
	(231,'怀来县',224,1),
	(232,'崇礼县',224,1),
	(233,'尚义县',224,1),
	(234,'蔚县',224,1),
	(235,'涿鹿县',224,1),
	(236,'万全县',224,1),
	(238,'下花园区',224,1),
	(241,'兴隆县',239,1),
	(242,'平泉县',239,1),
	(243,'滦平县',239,1),
	(245,'丰宁县',239,1),
	(246,'围场县',239,1),
	(247,'宽城县',239,1),
	(257,'宁晋县',164,1),
	(261,'卢龙县',248,1),
	(262,'青龙县',248,1),
	(263,'昌黎县',248,1),
	(265,'沧县',264,1),
	(266,'泊头市',264,1),
	(268,'河间市',264,1),
	(269,'献县',264,1),
	(270,'肃宁县',264,1),
	(271,'青县',264,1),
	(272,'东光县',264,1),
	(273,'吴桥县',264,1),
	(276,'南皮县',264,1),
	(277,'盐山县',264,1),
	(278,'海兴县',264,1),
	(279,'孟村县',264,1),
	(284,'固安县',274,1),
	(285,'永清县',274,1),
	(286,'香河县',274,1),
	(287,'大城县',274,1),
	(288,'文安县',274,1),
	(289,'大厂县',274,1),
	(291,'冀州市',275,1),
	(292,'深州市',275,1),
	(293,'饶阳县',275,1),
	(294,'枣强县',275,1),
	(295,'故城县',275,1),
	(296,'阜城县',275,1),
	(297,'安平县',275,1),
	(298,'武邑县',275,1),
	(299,'景县',275,1),
	(300,'武强县',275,1),
	(304,'阳曲县',303,1),
	(305,'古交市',303,1),
	(306,'娄烦县',303,1),
	(307,'清徐县',303,1),
	(310,'大同县',309,1),
	(311,'天镇县',309,1),
	(312,'灵丘县',309,1),
	(313,'阳高县',309,1),
	(314,'左云县',309,1),
	(315,'浑源县',309,1),
	(316,'广灵县',309,1),
	(319,'盂县',318,1),
	(320,'平定县',318,1),
	(321,'郊区',318,1),
	(326,'高平市',325,1),
	(327,'阳城县',325,1),
	(328,'沁水县',325,1),
	(329,'陵川县',325,1),
	(331,'山阴县',330,1),
	(332,'右玉县',330,1),
	(333,'应县',330,1),
	(334,'怀仁县',330,1),
	(335,'朔城区',330,1),
	(338,'介休市',336,1),
	(339,'昔阳县',336,1),
	(341,'祁县',336,1),
	(342,'左权县',336,1),
	(343,'寿阳县',336,1),
	(344,'太谷县',336,1),
	(345,'和顺县',336,1),
	(346,'灵石县',336,1),
	(347,'平遥县',336,1),
	(348,'榆社县',336,1),
	(351,'原平市',350,1),
	(352,'代县',350,1),
	(353,'神池县',350,1),
	(354,'五寨县',350,1),
	(358,'五台县',350,1),
	(359,'偏关县',350,1),
	(360,'宁武县',350,1),
	(361,'静乐县',350,1),
	(362,'繁峙县',350,1),
	(363,'河曲县',350,1),
	(364,'保德县',350,1),
	(365,'定襄县',350,1),
	(366,'忻府区',350,1),
	(367,'岢岚县',350,1),
	(369,'离石区',368,1),
	(370,'孝义市',368,1),
	(371,'汾阳市',368,1),
	(372,'文水县',368,1),
	(373,'中阳县',368,1),
	(374,'兴县',368,1),
	(375,'临县',368,1),
	(376,'方山县',368,1),
	(377,'柳林县',368,1),
	(378,'岚县',368,1),
	(380,'侯马市',379,1),
	(381,'霍州市',379,1),
	(382,'汾西县',379,1),
	(383,'吉县',379,1),
	(384,'安泽县',379,1),
	(386,'浮山县',379,1),
	(387,'大宁县',379,1),
	(388,'古县',379,1),
	(389,'隰县',379,1),
	(390,'襄汾县',379,1),
	(391,'翼城县',379,1),
	(392,'永和县',379,1),
	(393,'乡宁县',379,1),
	(395,'洪洞县',379,1),
	(396,'蒲县',379,1),
	(399,'河津市',398,1),
	(400,'永济市',398,1),
	(402,'新绛县',398,1),
	(403,'平陆县',398,1),
	(404,'垣曲县',398,1),
	(405,'绛县',398,1),
	(406,'稷山县',398,1),
	(407,'芮城县',398,1),
	(408,'夏县',398,1),
	(409,'临猗县',398,1),
	(410,'万荣县',398,1),
	(415,'新密市',412,1),
	(416,'登封市',412,1),
	(421,'开封县',420,1),
	(422,'杞县',420,1),
	(423,'兰考县',420,1),
	(425,'尉氏县',420,1),
	(428,'偃师市',427,1),
	(429,'孟津县',427,1),
	(430,'汝阳县',427,1),
	(431,'伊川县',427,1),
	(432,'洛宁县',427,1),
	(434,'宜阳县',427,1),
	(435,'栾川县',427,1),
	(436,'新安县',427,1),
	(439,'汝州市',438,1),
	(440,'舞钢市',438,1),
	(441,'郏县',438,1),
	(442,'叶县',438,1),
	(443,'鲁山县',438,1),
	(444,'宝丰县',438,1),
	(447,'沁阳市',446,1),
	(448,'孟州市',446,1),
	(449,'修武县',446,1),
	(450,'温县',446,1),
	(451,'武陟县',446,1),
	(452,'博爱县',446,1),
	(453,'山阳区',446,1),
	(455,'浚县',454,1),
	(456,'淇县',454,1),
	(457,'鹤山区',454,1),
	(459,'卫辉市',458,1),
	(460,'辉县市',458,1),
	(461,'新乡县',458,1),
	(462,'获嘉县',458,1),
	(463,'原阳县',458,1),
	(464,'长垣县',458,1),
	(465,'延津县',458,1),
	(466,'封丘县',458,1),
	(469,'林州市',468,1),
	(470,'安阳县',468,1),
	(471,'滑县',468,1),
	(472,'汤阴县',468,1),
	(473,'内黄县',468,1),
	(476,'濮阳县',475,1),
	(477,'南乐县',475,1),
	(478,'台前县',475,1),
	(479,'清丰县',475,1),
	(480,'范县',475,1),
	(481,'华龙区',475,1),
	(483,'禹州市',482,1),
	(484,'长葛市',482,1),
	(485,'许昌县',482,1),
	(486,'鄢陵县',482,1),
	(487,'襄城县',482,1),
	(488,'魏都区',482,1),
	(490,'郾城区',489,1),
	(492,'临颍县',489,1),
	(493,'召陵区',489,1),
	(494,'舞阳县',489,1),
	(496,'义马市',495,1),
	(497,'灵宝市',495,1),
	(498,'陕县',495,1),
	(499,'卢氏县',495,1),
	(503,'邓州市',502,1),
	(504,'桐柏县',502,1),
	(505,'方城县',502,1),
	(506,'淅川县',502,1),
	(507,'镇平县',502,1),
	(508,'唐河县',502,1),
	(509,'南召县',502,1),
	(510,'内乡县',502,1),
	(511,'新野县',502,1),
	(512,'社旗县',502,1),
	(515,'西峡县',502,1),
	(518,'永城市',517,1),
	(519,'宁陵县',517,1),
	(520,'虞城县',517,1),
	(521,'民权县',517,1),
	(522,'夏邑县',517,1),
	(523,'柘城县',517,1),
	(524,'睢县',517,1),
	(529,'项城市',527,1),
	(530,'商水县',527,1),
	(531,'淮阳县',527,1),
	(532,'太康县',527,1),
	(533,'鹿邑县',527,1),
	(534,'西华县',527,1),
	(535,'扶沟县',527,1),
	(536,'沈丘县',527,1),
	(537,'郸城县',527,1),
	(540,'确山县',538,1),
	(541,'新蔡县',538,1),
	(542,'上蔡县',538,1),
	(543,'泌阳县',538,1),
	(544,'西平县',538,1),
	(545,'遂平县',538,1),
	(546,'汝南县',538,1),
	(547,'平舆县',538,1),
	(548,'正阳县',538,1),
	(551,'潢川县',549,1),
	(552,'淮滨县',549,1),
	(553,'息县',549,1),
	(554,'新县',549,1),
	(556,'固始县',549,1),
	(557,'罗山县',549,1),
	(558,'光山县',549,1),
	(567,'苏家屯区',560,1),
	(569,'新民市',560,1),
	(570,'法库县',560,1),
	(571,'辽中县',560,1),
	(572,'康平县',560,1),
	(574,'普兰店市',573,1),
	(575,'瓦房店市',573,1),
	(576,'庄河市',573,1),
	(577,'长海县',573,1),
	(580,'台安县',579,1),
	(581,'海城市',579,1),
	(583,'岫岩县',579,1),
	(585,'抚顺县',584,1),
	(586,'新宾县',584,1),
	(587,'清原县',584,1),
	(591,'桓仁县',589,1),
	(596,'宽甸县',593,1),
	(599,'义县',598,1),
	(600,'凌海市',598,1),
	(601,'北镇市',598,1),
	(602,'黑山县',598,1),
	(606,'绥中县',604,1),
	(607,'建昌县',604,1),
	(608,'南票区',604,1),
	(610,'大石桥市',609,1),
	(611,'盖州市',609,1),
	(614,'盘山县',613,1),
	(615,'大洼县',613,1),
	(618,'阜新县',617,1),
	(619,'彰武县',617,1),
	(623,'辽阳县',621,1),
	(633,'凌源市',632,1),
	(634,'北票市',632,1),
	(635,'喀喇沁左翼县',632,1),
	(636,'朝阳县',632,1),
	(637,'建平县',632,1),
	(640,'榆树市',639,1),
	(641,'九台市',639,1),
	(642,'农安县',639,1),
	(645,'舒兰市',644,1),
	(646,'桦甸市',644,1),
	(647,'蛟河市',644,1),
	(648,'磐石市',644,1),
	(649,'永吉县',644,1),
	(652,'公主岭市',651,1),
	(653,'双辽市',651,1),
	(654,'梨树县',651,1),
	(656,'伊通县',651,1),
	(658,'梅河口市',657,1),
	(659,'集安市',657,1),
	(660,'通化县',657,1),
	(661,'辉南县',657,1),
	(662,'柳河县',657,1),
	(663,'二道江区',657,1),
	(665,'临江市',664,1),
	(669,'江源区',664,1),
	(671,'靖宇县',664,1),
	(672,'抚松县',664,1),
	(673,'长白县',664,1),
	(675,'乾安县',674,1),
	(676,'长岭县',674,1),
	(677,'扶余县',674,1),
	(682,'大安市',681,1),
	(683,'洮南市',681,1),
	(684,'通榆县',681,1),
	(685,'镇赉县',681,1),
	(686,'洮北区',681,1),
	(699,'阿城区',698,1),
	(700,'尚志市',698,1),
	(701,'双城市',698,1),
	(702,'五常市',698,1),
	(704,'方正县',698,1),
	(705,'宾县',698,1),
	(706,'依兰县',698,1),
	(707,'巴彦县',698,1),
	(708,'通河县',698,1),
	(709,'木兰县',698,1),
	(710,'延寿县',698,1),
	(713,'梅里斯区',712,1),
	(714,'昂昂溪区',712,1),
	(715,'富拉尔基区',712,1),
	(716,'碾子山区',712,1),
	(717,'讷河市',712,1),
	(718,'富裕县',712,1),
	(719,'拜泉县',712,1),
	(720,'甘南县',712,1),
	(721,'依安县',712,1),
	(722,'克山县',712,1),
	(723,'龙江县',712,1),
	(724,'克东县',712,1),
	(725,'泰来县',712,1),
	(728,'萝北县',727,1),
	(729,'绥滨县',727,1),
	(733,'集贤县',731,1),
	(734,'宝清县',731,1),
	(735,'友谊县',731,1),
	(736,'饶河县',731,1),
	(739,'密山市',737,1),
	(740,'虎林市',737,1),
	(741,'鸡东县',737,1),
	(744,'萨尔图区',742,1),
	(745,'龙凤区',742,1),
	(746,'让胡路区',742,1),
	(747,'红岗区',742,1),
	(748,'大同区',742,1),
	(749,'林甸县',742,1),
	(750,'肇州县',742,1),
	(751,'肇源县',742,1),
	(752,'杜尔伯特县',742,1),
	(754,'铁力市',753,1),
	(755,'嘉荫县',753,1),
	(758,'海林市',757,1),
	(760,'宁安市',757,1),
	(761,'穆棱市',757,1),
	(762,'林口县',757,1),
	(763,'东宁县',757,1),
	(766,'同江市',765,1),
	(767,'富锦市',765,1),
	(768,'桦川县',765,1),
	(769,'抚远县',765,1),
	(770,'桦南县',765,1),
	(771,'汤原县',765,1),
	(774,'勃利县',773,1),
	(777,'北安市',776,1),
	(778,'五大连池市',776,1),
	(779,'逊克县',776,1),
	(780,'孙吴县',776,1),
	(784,'安达市',782,1),
	(785,'肇东市',782,1),
	(786,'海伦市',782,1),
	(787,'绥棱县',782,1),
	(788,'兰西县',782,1),
	(789,'明水县',782,1),
	(790,'青冈县',782,1),
	(791,'庆安县',782,1),
	(792,'望奎县',782,1),
	(794,'呼玛县',793,1),
	(795,'塔河县',793,1),
	(796,'漠河县',793,1),
	(801,'土默特左旗',799,1),
	(802,'和林格尔县',799,1),
	(803,'武川县',799,1),
	(804,'托克托县',799,1),
	(807,'固阳县',805,1),
	(808,'土默特右旗',805,1),
	(809,'达茂联合旗',805,1),
	(811,'海勃湾区',810,1),
	(814,'宁城县',812,1),
	(815,'敖汉旗',812,1),
	(816,'喀喇沁旗',812,1),
	(817,'翁牛特旗',812,1),
	(818,'巴林右旗',812,1),
	(819,'林西县',812,1),
	(820,'克什克腾旗',812,1),
	(821,'巴林左旗',812,1),
	(822,'阿鲁科尔沁旗',812,1),
	(824,'集宁区',823,1),
	(825,'丰镇市',823,1),
	(826,'兴和县',823,1),
	(827,'卓资县',823,1),
	(828,'商都县',823,1),
	(829,'凉城县',823,1),
	(830,'化德县',823,1),
	(831,'察哈尔右翼前旗',823,1),
	(832,'察哈尔右翼中旗',823,1),
	(833,'察哈尔右翼后旗',823,1),
	(834,'四子王旗',823,1),
	(836,'锡林浩特市',835,1),
	(837,'二连浩特市',835,1),
	(838,'多伦县',835,1),
	(839,'阿巴嘎旗',835,1),
	(840,'西乌珠穆沁旗',835,1),
	(841,'东乌珠穆沁旗',835,1),
	(842,'苏尼特右旗',835,1),
	(843,'苏尼特左旗',835,1),
	(844,'太仆寺旗',835,1),
	(845,'正镶白旗',835,1),
	(846,'正蓝旗',835,1),
	(847,'镶黄旗',835,1),
	(849,'海拉尔区',848,1),
	(850,'满洲里市',848,1),
	(851,'牙克石市',848,1),
	(852,'扎兰屯市',848,1),
	(853,'根河市',848,1),
	(854,'额尔古纳市',848,1),
	(855,'陈巴尔虎旗',848,1),
	(856,'阿荣旗',848,1),
	(857,'新巴尔虎左旗',848,1),
	(858,'新巴尔虎右旗',848,1),
	(859,'鄂伦春旗',848,1),
	(860,'莫力达瓦旗',848,1),
	(861,'鄂温克族旗',848,1),
	(871,'东胜区',870,1),
	(872,'准格尔旗',870,1),
	(874,'伊金霍洛旗',870,1),
	(875,'乌审旗',870,1),
	(876,'杭锦旗',870,1),
	(877,'鄂托克旗',870,1),
	(878,'鄂托克前旗',870,1),
	(879,'达拉特旗',870,1),
	(881,'临河区',880,1),
	(882,'五原县',880,1),
	(883,'磴口县',880,1),
	(884,'杭锦后旗',880,1),
	(885,'乌拉特中旗',880,1),
	(888,'乌拉特后旗 ',880,1),
	(890,'乌拉特前旗',880,1),
	(892,'阿拉善右旗',891,1),
	(893,'阿拉善左旗',891,1),
	(894,'额济纳旗',891,1),
	(896,'乌兰浩特市',895,1),
	(897,'阿尔山市',895,1),
	(898,'突泉县',895,1),
	(899,'扎赍特旗',895,1),
	(900,'科尔沁右翼前旗',895,1),
	(901,'科尔沁右翼中旗',895,1),
	(905,'江宁区',904,1),
	(907,'高淳区',904,1),
	(908,'六合区',904,1),
	(914,'铜山区',911,1),
	(915,'睢宁县',911,1),
	(916,'沛县',911,1),
	(917,'丰县',911,1),
	(920,'赣榆县',919,1),
	(921,'灌云县',919,1),
	(922,'东海县',919,1),
	(923,'灌南县',919,1),
	(926,'楚州区',925,1),
	(929,'洪泽县',925,1),
	(930,'金湖县',925,1),
	(931,'盱眙县',925,1),
	(934,'宿豫区',933,1),
	(937,'泗洪县',933,1),
	(940,'东台市',939,1),
	(941,'大丰市',939,1),
	(945,'建湖县',939,1),
	(946,'响水县',939,1),
	(948,'阜宁县',939,1),
	(949,'滨海县',939,1),
	(955,'广陵区',951,1),
	(956,'邗江区',951,1),
	(957,'宝应县',951,1),
	(960,'泰兴市',959,1),
	(962,'靖江市',959,1),
	(963,'兴化市',959,1),
	(967,'通州区',965,1),
	(970,'如东县',965,1),
	(973,'扬中市',972,1),
	(976,'丹徒区',972,1),
	(980,'金坛市',978,1),
	(981,'溧阳市',978,1),
	(993,'常熟市',988,1),
	(994,'张家港市',988,1),
	(1002,'长清区',1000,1),
	(1003,'平阴县',1000,1),
	(1004,'济阳县',1000,1),
	(1005,'商河县',1000,1),
	(1014,'莱西市',1007,1),
	(1019,'高青县',1016,1),
	(1020,'沂源县',1016,1),
	(1021,'桓台县',1016,1),
	(1026,'河口区',1025,1),
	(1027,'广饶县',1025,1),
	(1028,'利津县',1025,1),
	(1029,'垦利县',1025,1),
	(1033,'青州市',1032,1),
	(1034,'诸城市',1032,1),
	(1036,'安丘市',1032,1),
	(1037,'高密市',1032,1),
	(1038,'昌邑市',1032,1),
	(1039,'昌乐县',1032,1),
	(1041,'临朐县',1032,1),
	(1044,'莱阳市',1042,1),
	(1047,'招远市',1042,1),
	(1048,'蓬莱市',1042,1),
	(1049,'栖霞市',1042,1),
	(1050,'海阳市',1042,1),
	(1051,'长岛县',1042,1),
	(1054,'乳山市',1053,1),
	(1059,'莱城区',1058,1),
	(1061,'乐陵市',1060,1),
	(1062,'禹城市',1060,1),
	(1063,'陵县',1060,1),
	(1064,'宁津县',1060,1),
	(1066,'武城县',1060,1),
	(1067,'庆云县',1060,1),
	(1068,'平原县',1060,1),
	(1069,'临邑县',1060,1),
	(1071,'夏津县',1060,1),
	(1073,'沂南县',1072,1),
	(1074,'沂水县',1072,1),
	(1075,'苍山县',1072,1),
	(1076,'费县',1072,1),
	(1077,'平邑县',1072,1),
	(1078,'蒙阴县',1072,1),
	(1079,'临沭县',1072,1),
	(1082,'临清市',1081,1),
	(1084,'阳谷县',1081,1),
	(1085,'茌平县',1081,1),
	(1086,'莘县',1081,1),
	(1087,'东阿县',1081,1),
	(1088,'冠县',1081,1),
	(1092,'邹平县',1090,1),
	(1093,'沾化县',1090,1),
	(1094,'惠民县',1090,1),
	(1095,'博兴县',1090,1),
	(1096,'阳信县',1090,1),
	(1101,'单县',1099,1),
	(1102,'曹县',1099,1),
	(1103,'定陶县',1099,1),
	(1104,'巨野县',1099,1),
	(1105,'成武县',1099,1),
	(1106,'东明县',1099,1),
	(1107,'郓城县',1099,1),
	(1119,'肥东县',1116,1),
	(1122,'凤台县',1121,1),
	(1128,'芜湖县',1127,1),
	(1129,'繁昌县',1127,1),
	(1130,'南陵县',1127,1),
	(1133,'怀远县',1132,1),
	(1134,'固镇县',1132,1),
	(1135,'五河县',1132,1),
	(1138,'当涂县',1137,1),
	(1141,'桐城市',1140,1),
	(1142,'宿松县',1140,1),
	(1143,'枞阳县',1140,1),
	(1144,'太湖县',1140,1),
	(1145,'怀宁县',1140,1),
	(1146,'岳西县',1140,1),
	(1147,'望江县',1140,1),
	(1148,'潜山县',1140,1),
	(1153,'休宁县',1151,1),
	(1154,'歙县',1151,1),
	(1155,'黟县',1151,1),
	(1156,'祁门县',1151,1),
	(1161,'明光市',1159,1),
	(1162,'全椒县',1159,1),
	(1163,'来安县',1159,1),
	(1164,'定远县',1159,1),
	(1165,'凤阳县',1159,1),
	(1168,'界首市',1167,1),
	(1169,'太和县',1167,1),
	(1170,'阜南县',1167,1),
	(1171,'颍上县',1167,1),
	(1172,'临泉县',1167,1),
	(1176,'利辛县',1174,1),
	(1177,'蒙城县',1174,1),
	(1178,'涡阳县',1174,1),
	(1181,'灵璧县',1180,1),
	(1182,'泗县',1180,1),
	(1183,'萧县',1180,1),
	(1184,'砀山县',1180,1),
	(1187,'含山县',1137,1),
	(1188,'和县',1137,1),
	(1189,'无为县',1127,1),
	(1190,'庐江县',1116,1),
	(1202,'东至县',1201,1),
	(1203,'石台县',1201,1),
	(1204,'青阳县',1201,1),
	(1207,'寿县',1206,1),
	(1208,'霍山县',1206,1),
	(1209,'金寨县',1206,1),
	(1210,'霍邱县',1206,1),
	(1211,'舒城县',1206,1),
	(1214,'余杭区',1213,1),
	(1215,'萧山区',1213,1),
	(1217,'富阳市',1213,1),
	(1218,'桐庐县',1213,1),
	(1219,'建德市',1213,1),
	(1220,'淳安县',1213,1),
	(1224,'慈溪市',1158,1),
	(1226,'奉化市',1158,1),
	(1227,'宁海县',1158,1),
	(1228,'象山县',1158,1),
	(1237,'文成县',1233,1),
	(1238,'平阳县',1233,1),
	(1239,'泰顺县',1233,1),
	(1240,'洞头县',1233,1),
	(1241,'苍南县',1233,1),
	(1244,'海宁市',1243,1),
	(1248,'海盐县',1243,1),
	(1251,'长兴县',1250,1),
	(1252,'德清县',1250,1),
	(1253,'安吉县',1250,1),
	(1257,'诸暨市',1255,1),
	(1258,'上虞区',1255,1),
	(1259,'嵊州市',1255,1),
	(1260,'新昌县',1255,1),
	(1263,'金东区',1262,1),
	(1264,'兰溪市',1262,1),
	(1265,'婺城区',1262,1),
	(1266,'义乌市',1262,1),
	(1267,'东阳市',1262,1),
	(1268,'永康市',1262,1),
	(1269,'武义县',1262,1),
	(1270,'浦江县',1262,1),
	(1271,'磐安县',1262,1),
	(1275,'江山市',1273,1),
	(1276,'常山县',1273,1),
	(1277,'开化县',1273,1),
	(1278,'龙游县',1273,1),
	(1281,'龙泉市',1280,1),
	(1282,'缙云县',1280,1),
	(1283,'遂昌县',1280,1),
	(1284,'松阳县',1280,1),
	(1285,'景宁县',1280,1),
	(1286,'云和县',1280,1),
	(1288,'青田县',1280,1),
	(1291,'临海市',1290,1),
	(1294,'三门县',1290,1),
	(1295,'天台县',1290,1),
	(1296,'仙居县',1290,1),
	(1300,'岱山县',1298,1),
	(1301,'嵊泗县',1298,1),
	(1305,'长乐市',1303,1),
	(1308,'平潭县',1303,1),
	(1309,'连江县',1303,1),
	(1312,'罗源县',1303,1),
	(1313,'永泰县',1303,1),
	(1314,'闽清县',1303,1),
	(1316,'思明区',1315,1),
	(1319,'永安市',1317,1),
	(1320,'明溪县',1317,1),
	(1321,'将乐县',1317,1),
	(1322,'大田县',1317,1),
	(1323,'宁化县',1317,1),
	(1324,'建宁县',1317,1),
	(1325,'沙县',1317,1),
	(1326,'尤溪县',1317,1),
	(1327,'清流县',1317,1),
	(1328,'泰宁县',1317,1),
	(1331,'仙游县',1329,1),
	(1334,'石狮市',1332,1),
	(1336,'南安市',1332,1),
	(1337,'惠安县',1332,1),
	(1338,'安溪县',1332,1),
	(1339,'德化县',1332,1),
	(1340,'永春县',1332,1),
	(1343,'龙海市',1341,1),
	(1344,'平和县',1341,1),
	(1345,'南靖县',1341,1),
	(1346,'诏安县',1341,1),
	(1347,'漳浦县',1341,1),
	(1348,'华安县',1341,1),
	(1349,'云霄县',1341,1),
	(1350,'东山县',1341,1),
	(1351,'长泰县',1341,1),
	(1354,'建瓯市',1352,1),
	(1355,'邵武市',1352,1),
	(1356,'武夷山市',1352,1),
	(1357,'建阳市',1352,1),
	(1358,'松溪县',1352,1),
	(1359,'顺昌县',1352,1),
	(1360,'浦城县',1352,1),
	(1361,'政和县',1352,1),
	(1364,'漳平市',1362,1),
	(1365,'长汀县',1362,1),
	(1366,'武平县',1362,1),
	(1367,'永定县',1362,1),
	(1368,'上杭县',1362,1),
	(1369,'连城县',1362,1),
	(1372,'福安市',1370,1),
	(1373,'福鼎市',1370,1),
	(1374,'寿宁县',1370,1),
	(1375,'霞浦县',1370,1),
	(1376,'柘荣县',1370,1),
	(1377,'屏南县',1370,1),
	(1378,'古田县',1370,1),
	(1379,'周宁县',1370,1),
	(1386,'江岸区',1381,1),
	(1389,'黄石港区',1387,1),
	(1392,'铁山区',1387,1),
	(1393,'大冶市',1387,1),
	(1394,'阳新县',1387,1),
	(1397,'老河口市',1396,1),
	(1398,'枣阳市',1396,1),
	(1399,'宜城市',1396,1),
	(1401,'南漳县',1396,1),
	(1402,'保康县',1396,1),
	(1403,'谷城县',1396,1),
	(1406,'丹江口市',1405,1),
	(1407,'房县',1405,1),
	(1408,'竹山县',1405,1),
	(1409,'竹溪县',1405,1),
	(1410,'郧县',1405,1),
	(1411,'郧西县',1405,1),
	(1414,'江陵县',1413,1),
	(1415,'洪湖市',1413,1),
	(1416,'石首市',1413,1),
	(1417,'松滋市',1413,1),
	(1418,'监利县',1413,1),
	(1419,'公安县',1413,1),
	(1423,'当阳市',1421,1),
	(1424,'枝江市',1421,1),
	(1425,'夷陵区',1421,1),
	(1426,'秭归县',1421,1),
	(1427,'兴山县',1421,1),
	(1428,'远安县',1421,1),
	(1429,'五峰土家族自治县',1421,1),
	(1430,'长阳土家族自治县',1421,1),
	(1435,'汉川市',1432,1),
	(1437,'云梦县',1432,1),
	(1438,'大悟县',1432,1),
	(1439,'孝昌县',1432,1),
	(1444,'红安县',1441,1),
	(1445,'罗田县',1441,1),
	(1447,'黄梅县',1441,1),
	(1448,'英山县',1441,1),
	(1449,'团风县',1441,1),
	(1461,'嘉鱼县',1458,1),
	(1462,'通山县',1458,1),
	(1463,'崇阳县',1458,1),
	(1464,'通城县',1458,1),
	(1467,'恩施市',1466,1),
	(1468,'利川市',1466,1),
	(1469,'建始县',1466,1),
	(1470,'来凤县',1466,1),
	(1471,'巴东县',1466,1),
	(1472,'鹤峰县',1466,1),
	(1473,'宣恩县',1466,1),
	(1474,'咸丰县',1466,1),
	(1478,'京山县',1477,1),
	(1485,'望城区',1482,1),
	(1489,'醴陵市',1488,1),
	(1490,'株洲县',1488,1),
	(1491,'攸县',1488,1),
	(1492,'茶陵县',1488,1),
	(1493,'炎陵县',1488,1),
	(1496,'湘乡市',1495,1),
	(1497,'湘潭县',1495,1),
	(1498,'韶山市',1495,1),
	(1500,'韶山市区内',1499,1),
	(1502,'常宁市',1501,1),
	(1503,'衡阳县',1501,1),
	(1504,'耒阳市',1501,1),
	(1505,'衡东县',1501,1),
	(1506,'衡南县',1501,1),
	(1507,'衡山县',1501,1),
	(1508,'祁东县',1501,1),
	(1509,'南岳区',1501,1),
	(1512,'武冈市',1511,1),
	(1513,'邵东县',1511,1),
	(1514,'洞口县',1511,1),
	(1515,'新邵县',1511,1),
	(1516,'绥宁县',1511,1),
	(1517,'新宁县',1511,1),
	(1518,'邵阳县',1511,1),
	(1519,'隆回县',1511,1),
	(1520,'城步县',1511,1),
	(1523,'临湘市',1522,1),
	(1524,'汨罗市',1522,1),
	(1525,'岳阳县',1522,1),
	(1526,'湘阴县',1522,1),
	(1527,'华容县',1522,1),
	(1528,'平江县',1522,1),
	(1532,'津市市',1530,1),
	(1533,'澧县',1530,1),
	(1534,'临澧县',1530,1),
	(1535,'桃源县',1530,1),
	(1536,'汉寿县',1530,1),
	(1537,'石门县',1530,1),
	(1538,'安乡县',1530,1),
	(1541,'慈利县',1540,1),
	(1542,'桑植县',1540,1),
	(1543,'武陵源区',1540,1),
	(1545,'资兴市',1544,1),
	(1546,'宜章县',1544,1),
	(1547,'安仁县',1544,1),
	(1548,'汝城县',1544,1),
	(1549,'嘉禾县',1544,1),
	(1550,'临武县',1544,1),
	(1551,'桂东县',1544,1),
	(1552,'永兴县',1544,1),
	(1553,'桂阳县',1544,1),
	(1556,'南县',1555,1),
	(1557,'桃江县',1555,1),
	(1558,'安化县',1555,1),
	(1563,'祁阳县',1560,1),
	(1564,'双牌县',1560,1),
	(1565,'沅江市',1555,1),
	(1566,'道县',1560,1),
	(1567,'江永县',1560,1),
	(1568,'江华县',1560,1),
	(1569,'宁远县',1560,1),
	(1570,'新田县',1560,1),
	(1571,'蓝山县',1560,1),
	(1572,'东安县',1560,1),
	(1573,'零陵区',1560,1),
	(1575,'洪江市',1574,1),
	(1576,'会同县',1574,1),
	(1578,'溆浦县',1574,1),
	(1579,'辰溪县',1574,1),
	(1580,'靖州县',1574,1),
	(1581,'通道县',1574,1),
	(1582,'芷江县',1574,1),
	(1583,'新晃县',1574,1),
	(1584,'麻阳县',1574,1),
	(1588,'冷水江市',1586,1),
	(1589,'涟源市',1586,1),
	(1590,'新化县',1586,1),
	(1591,'双峰县',1586,1),
	(1593,'吉首市',1592,1),
	(1594,'古丈县',1592,1),
	(1595,'龙山县',1592,1),
	(1596,'永顺县',1592,1),
	(1597,'泸溪县',1592,1),
	(1598,'凤凰县',1592,1),
	(1599,'花垣县',1592,1),
	(1600,'保靖县',1592,1),
	(1614,'南澳县',1611,1),
	(1618,'南雄市',1617,1),
	(1619,'乐昌市',1617,1),
	(1620,'仁化县',1617,1),
	(1621,'始兴县',1617,1),
	(1622,'翁源县',1617,1),
	(1624,'新丰县',1617,1),
	(1625,'乳源瑶族自治县',1617,1),
	(1626,'曲江区',1617,1),
	(1628,'和平县',1627,1),
	(1629,'龙川县',1627,1),
	(1630,'紫金县',1627,1),
	(1631,'连平县',1627,1),
	(1635,'兴宁市',1634,1),
	(1636,'梅县',1634,1),
	(1637,'蕉岭县',1634,1),
	(1638,'大埔县',1634,1),
	(1639,'丰顺县',1634,1),
	(1640,'五华县',1634,1),
	(1641,'平远县',1634,1),
	(1642,'梅江区',1634,1),
	(1647,'龙门县',1643,1),
	(1653,'陆河县',1650,1),
	(1669,'顺德区',1666,1),
	(1673,'阳春市',1672,1),
	(1674,'阳西县',1672,1),
	(1679,'雷州市',1677,1),
	(1680,'吴川市',1677,1),
	(1682,'徐闻县',1677,1),
	(1687,'信宜市',1684,1),
	(1693,'广宁县',1690,1),
	(1694,'德庆县',1690,1),
	(1695,'怀集县',1690,1),
	(1696,'封开县',1690,1),
	(1697,'鼎湖区',1690,1),
	(1700,'云安县',1698,1),
	(1701,'新兴县',1698,1),
	(1702,'郁南县',1698,1),
	(1707,'饶平县',1705,1),
	(1712,'揭西县',1709,1),
	(1713,'惠来县',1709,1),
	(1716,'武鸣县',1715,1),
	(1721,'柳江县',1720,1),
	(1722,'柳城县',1720,1),
	(1724,'邕宁区',1715,1),
	(1725,'鹿寨县',1720,1),
	(1727,'阳朔县',1726,1),
	(1728,'临桂县',1726,1),
	(1729,'灵川县',1726,1),
	(1730,'全州县',1726,1),
	(1731,'平乐县',1726,1),
	(1732,'兴安县',1726,1),
	(1733,'灌阳县',1726,1),
	(1734,'荔浦县',1726,1),
	(1735,'资源县',1726,1),
	(1736,'永福县',1726,1),
	(1738,'龙胜县',1726,1),
	(1741,'岑溪市',1740,1),
	(1742,'苍梧县',1740,1),
	(1743,'藤县',1740,1),
	(1744,'蒙山县',1740,1),
	(1747,'合浦县',1746,1),
	(1748,'铁山港区',1746,1),
	(1750,'东兴市',1749,1),
	(1751,'上思县',1749,1),
	(1754,'浦北县',1753,1),
	(1755,'灵山县',1753,1),
	(1758,'桂平市',1757,1),
	(1759,'平南县',1757,1),
	(1760,'覃塘区',1757,1),
	(1762,'北流市',1761,1),
	(1763,'容县',1761,1),
	(1764,'博白县',1761,1),
	(1765,'陆川县',1761,1),
	(1766,'兴业县',1761,1),
	(1795,'连州市',1704,1),
	(1796,'佛冈县',1704,1),
	(1797,'阳山县',1704,1),
	(1798,'清新县',1704,1),
	(1799,'连山县',1704,1),
	(1800,'连南县',1704,1),
	(1803,'钟山县',1792,1),
	(1804,'昭平县',1792,1),
	(1805,'富川县',1792,1),
	(1807,'右江区',1806,1),
	(1808,'平果县',1806,1),
	(1809,'乐业县',1806,1),
	(1810,'田阳县',1806,1),
	(1811,'西林县',1806,1),
	(1812,'田林县',1806,1),
	(1813,'德保县',1806,1),
	(1814,'靖西县',1806,1),
	(1815,'田东县',1806,1),
	(1816,'那坡县',1806,1),
	(1817,'隆林县',1806,1),
	(1820,'宜州市',1818,1),
	(1821,'天峨县',1818,1),
	(1822,'凤山县',1818,1),
	(1823,'南丹县',1818,1),
	(1824,'东兰县',1818,1),
	(1825,'巴马县',1818,1),
	(1826,'环江县',1818,1),
	(1828,'南昌县',1827,1),
	(1829,'进贤县',1827,1),
	(1830,'安义县',1827,1),
	(1833,'乐平市',1832,1),
	(1834,'浮梁县',1832,1),
	(1837,'湘东区',1836,1),
	(1838,'莲花县',1836,1),
	(1839,'上栗县',1836,1),
	(1840,'芦溪县',1836,1),
	(1843,'分宜县',1842,1),
	(1846,'九江县',1845,1),
	(1847,'瑞昌市',1845,1),
	(1848,'星子县',1845,1),
	(1849,'武宁县',1845,1),
	(1850,'彭泽县',1845,1),
	(1851,'永修县',1845,1),
	(1852,'修水县',1845,1),
	(1853,'湖口县',1845,1),
	(1854,'德安县',1845,1),
	(1855,'都昌县',1845,1),
	(1858,'余江县',1857,1),
	(1859,'贵溪市',1857,1),
	(1860,'月湖区',1857,1),
	(1863,'德兴市',1861,1),
	(1864,'广丰县',1861,1),
	(1865,'鄱阳县',1861,1),
	(1866,'婺源县',1861,1),
	(1867,'余干县',1861,1),
	(1868,'横峰县',1861,1),
	(1869,'弋阳县',1861,1),
	(1870,'铅山县',1861,1),
	(1871,'玉山县',1861,1),
	(1872,'万年县',1861,1),
	(1875,'丰城市',1874,1),
	(1876,'樟树市',1874,1),
	(1877,'高安市',1874,1),
	(1878,'铜鼓县',1874,1),
	(1879,'靖安县',1874,1),
	(1880,'宜丰县',1874,1),
	(1881,'奉新县',1874,1),
	(1882,'万载县',1874,1),
	(1883,'上高县',1874,1),
	(1887,'南丰县',1885,1),
	(1888,'乐安县',1885,1),
	(1889,'金溪县',1885,1),
	(1890,'南城县',1885,1),
	(1891,'东乡县',1885,1),
	(1892,'资溪县',1885,1),
	(1893,'宜黄县',1885,1),
	(1894,'崇仁县',1885,1),
	(1895,'黎川县',1885,1),
	(1896,'广昌县',1885,1),
	(1899,'井冈山市',1898,1),
	(1900,'吉安县',1898,1),
	(1901,'永丰县',1898,1),
	(1902,'永新县',1898,1),
	(1903,'新干县',1898,1),
	(1904,'泰和县',1898,1),
	(1905,'峡江县',1898,1),
	(1906,'遂川县',1898,1),
	(1907,'安福县',1898,1),
	(1908,'吉水县',1898,1),
	(1909,'万安县',1898,1),
	(1912,'南康市',1911,1),
	(1913,'瑞金市',1911,1),
	(1914,'石城县',1911,1),
	(1915,'安远县',1911,1),
	(1916,'赣县',1911,1),
	(1917,'宁都县',1911,1),
	(1918,'寻乌县',1911,1),
	(1919,'兴国县',1911,1),
	(1920,'定南县',1911,1),
	(1921,'上犹县',1911,1),
	(1922,'于都县',1911,1),
	(1923,'龙南县',1911,1),
	(1924,'崇义县',1911,1),
	(1925,'大余县',1911,1),
	(1926,'信丰县',1911,1),
	(1927,'全南县',1911,1),
	(1928,'会昌县',1911,1),
	(1947,'荣县',1946,1),
	(1948,'富顺县',1946,1),
	(1949,'自流井区',1946,1),
	(1951,'米易县',1950,1),
	(1952,'盐边县',1950,1),
	(1953,'仁和区',1950,1),
	(1955,'泸县',1954,1),
	(1956,'合江县',1954,1),
	(1957,'叙永县',1954,1),
	(1958,'古蔺县',1954,1),
	(1965,'罗江县',1962,1),
	(1966,'中江县',1962,1),
	(1970,'盐亭县',1960,1),
	(1971,'三台县',1960,1),
	(1972,'平武县',1960,1),
	(1973,'北川县',1960,1),
	(1974,'安县',1960,1),
	(1975,'梓潼县',1960,1),
	(1978,'青川县',1977,1),
	(1979,'旺苍县',1977,1),
	(1980,'剑阁县',1977,1),
	(1981,'苍溪县',1977,1),
	(1984,'射洪县',1983,1),
	(1985,'蓬溪县',1983,1),
	(1986,'大英县',1983,1),
	(1987,'安居区',1983,1),
	(1989,'资中县',1988,1),
	(1990,'隆昌县',1988,1),
	(1991,'威远县',1988,1),
	(1992,'市中区',1988,1),
	(1994,'五通桥区',1993,1),
	(1995,'沙湾区',1993,1),
	(1996,'金口河区',1993,1),
	(1998,'夹江县',1993,1),
	(1999,'井研县',1993,1),
	(2000,'犍为县',1993,1),
	(2001,'沐川县',1993,1),
	(2002,'峨边县',1993,1),
	(2003,'马边县',1993,1),
	(2006,'宜宾县',2005,1),
	(2007,'南溪区',2005,1),
	(2008,'江安县',2005,1),
	(2009,'长宁县',2005,1),
	(2010,'兴文县',2005,1),
	(2011,'珙县',2005,1),
	(2012,'高县',2005,1),
	(2013,'屏山县',2005,1),
	(2015,'筠连县',2005,1),
	(2017,'岳池县',2016,1),
	(2018,'武胜县',2016,1),
	(2019,'邻水县',2016,1),
	(2020,'广安区',2016,1),
	(2021,'华蓥市',2016,1),
	(2028,'仪陇县',2022,1),
	(2029,'蓬安县',2022,1),
	(2030,'营山县',2022,1),
	(2034,'通川区',2033,1),
	(2035,'达县',2033,1),
	(2036,'大竹县',2033,1),
	(2037,'渠县',2033,1),
	(2038,'万源市',2033,1),
	(2039,'宣汉县',2033,1),
	(2040,'开江县',2033,1),
	(2044,'南江县',2042,1),
	(2045,'平昌县',2042,1),
	(2046,'通江县',2042,1),
	(2049,'芦山县',2047,1),
	(2052,'石棉县',2047,1),
	(2053,'名山区',2047,1),
	(2054,'天全县',2047,1),
	(2055,'荥经县',2047,1),
	(2056,'汉源县',2047,1),
	(2057,'宝兴县',2047,1),
	(2060,'仁寿县',2058,1),
	(2061,'彭山县',2058,1),
	(2062,'洪雅县',2058,1),
	(2063,'丹棱县',2058,1),
	(2064,'青神县',2058,1),
	(2068,'安岳县',2065,1),
	(2069,'乐至县',2065,1),
	(2071,'马尔康县',2070,1),
	(2072,'九寨沟县',2070,1),
	(2073,'红原县',2070,1),
	(2075,'阿坝县',2070,1),
	(2076,'理县',2070,1),
	(2077,'若尔盖县',2070,1),
	(2078,'金川县',2070,1),
	(2079,'小金县',2070,1),
	(2080,'黑水县',2070,1),
	(2081,'松潘县',2070,1),
	(2082,'壤塘县',2070,1),
	(2083,'茂县',2070,1),
	(2085,'康定县',2084,1),
	(2086,'泸定县',2084,1),
	(2087,'九龙县',2084,1),
	(2088,'丹巴县',2084,1),
	(2089,'道孚县',2084,1),
	(2090,'炉霍县',2084,1),
	(2091,'色达县',2084,1),
	(2092,'甘孜县',2084,1),
	(2093,'新龙县',2084,1),
	(2094,'白玉县',2084,1),
	(2095,'德格县',2084,1),
	(2096,'石渠县',2084,1),
	(2097,'雅江县',2084,1),
	(2098,'理塘县',2084,1),
	(2099,'巴塘县',2084,1),
	(2100,'稻城县',2084,1),
	(2101,'乡城县',2084,1),
	(2102,'得荣县',2084,1),
	(2105,'美姑县',2103,1),
	(2106,'昭觉县',2103,1),
	(2107,'会理县',2103,1),
	(2108,'会东县',2103,1),
	(2109,'普格县',2103,1),
	(2110,'宁南县',2103,1),
	(2111,'德昌县',2103,1),
	(2112,'冕宁县',2103,1),
	(2113,'盐源县',2103,1),
	(2114,'金阳县',2103,1),
	(2115,'布拖县',2103,1),
	(2116,'雷波县',2103,1),
	(2117,'越西县',2103,1),
	(2118,'喜德县',2103,1),
	(2119,'甘洛县',2103,1),
	(2120,'木里县',2103,1),
	(2145,'清镇市',2144,1),
	(2146,'开阳县',2144,1),
	(2147,'修文县',2144,1),
	(2148,'息烽县',2144,1),
	(2149,'乌当区',2144,1),
	(2151,'盘县',2150,1),
	(2152,'六枝特区',2150,1),
	(2153,'水城县',2150,1),
	(2154,'钟山区',2150,1),
	(2156,'赤水市',2155,1),
	(2157,'仁怀市',2155,1),
	(2158,'遵义县',2155,1),
	(2159,'桐梓县',2155,1),
	(2160,'绥阳县',2155,1),
	(2161,'习水县',2155,1),
	(2162,'凤冈县',2155,1),
	(2163,'正安县',2155,1),
	(2164,'湄潭县',2155,1),
	(2165,'余庆县',2155,1),
	(2166,'道真县',2155,1),
	(2167,'务川县',2155,1),
	(2170,'碧江区',2169,1),
	(2171,'德江县',2169,1),
	(2172,'江口县',2169,1),
	(2173,'思南县',2169,1),
	(2174,'万山区',2169,1),
	(2175,'石阡县',2169,1),
	(2176,'玉屏侗族自治县',2169,1),
	(2177,'松桃苗族自治县',2169,1),
	(2178,'印江土家族苗族自治县',2169,1),
	(2179,'沿河土家族自治县',2169,1),
	(2182,'黔西县',2180,1),
	(2183,'大方县',2180,1),
	(2184,'织金县',2180,1),
	(2185,'金沙县',2180,1),
	(2186,'赫章县',2180,1),
	(2187,'纳雍县',2180,1),
	(2188,'威宁彝族回族苗族自治县',2180,1),
	(2190,'西秀区',2189,1),
	(2191,'普定县',2189,1),
	(2192,'平坝县',2189,1),
	(2193,'镇宁布依族苗族自治县',2189,1),
	(2194,'关岭布依族苗族自治县',2189,1),
	(2195,'紫云苗族布依族自治县',2189,1),
	(2197,'兴义市',2196,1),
	(2198,'望谟县',2196,1),
	(2199,'兴仁县',2196,1),
	(2200,'普安县',2196,1),
	(2201,'册亨县',2196,1),
	(2202,'晴隆县',2196,1),
	(2203,'贞丰县',2196,1),
	(2204,'安龙县',2196,1),
	(2206,'凯里市',2205,1),
	(2207,'施秉市',2205,1),
	(2208,'从江县',2205,1),
	(2209,'锦屏县',2205,1),
	(2210,'镇远县',2205,1),
	(2211,'麻江县',2205,1),
	(2212,'台江县',2205,1),
	(2213,'天柱县',2205,1),
	(2214,'黄平县',2205,1),
	(2215,'榕江县',2205,1),
	(2216,'剑河县',2205,1),
	(2217,'三穗县',2205,1),
	(2218,'雷山县',2205,1),
	(2219,'黎平县',2205,1),
	(2220,'岑巩县',2205,1),
	(2221,'丹寨县',2205,1),
	(2223,'都匀市',2222,1),
	(2224,'福泉市',2222,1),
	(2225,'贵定县',2222,1),
	(2226,'惠水县',2222,1),
	(2227,'罗甸县',2222,1),
	(2228,'瓮安县',2222,1),
	(2229,'荔波县',2222,1),
	(2230,'龙里县',2222,1),
	(2231,'平塘县',2222,1),
	(2232,'长顺县',2222,1),
	(2233,'独山县',2222,1),
	(2234,'三都县',2222,1),
	(2236,'东川区',2235,1),
	(2237,'安宁市',2235,1),
	(2238,'富民县',2235,1),
	(2239,'嵩明县',2235,1),
	(2241,'晋宁县',2235,1),
	(2242,'宜良县',2235,1),
	(2243,'禄劝县',2235,1),
	(2244,'石林县',2235,1),
	(2245,'寻甸县',2235,1),
	(2246,'盘龙区',2235,1),
	(2249,'马龙县',2247,1),
	(2250,'宣威市',2247,1),
	(2251,'富源县',2247,1),
	(2252,'会泽县',2247,1),
	(2253,'陆良县',2247,1),
	(2254,'师宗县',2247,1),
	(2255,'罗平县',2247,1),
	(2256,'沾益县',2247,1),
	(2259,'红塔区',2258,1),
	(2260,'华宁县',2258,1),
	(2261,'澄江县',2258,1),
	(2262,'易门县',2258,1),
	(2263,'通海县',2258,1),
	(2264,'江川县',2258,1),
	(2265,'元江县',2258,1),
	(2266,'新平县',2258,1),
	(2267,'峨山县',2258,1),
	(2271,'昭阳区',2270,1),
	(2272,'镇雄县',2270,1),
	(2273,'永善县',2270,1),
	(2274,'大关县',2270,1),
	(2275,'盐津县',2270,1),
	(2276,'彝良县',2270,1),
	(2277,'水富县',2270,1),
	(2278,'巧家县',2270,1),
	(2279,'威信县',2270,1),
	(2282,'思茅区',2281,1),
	(2283,'宁洱县',2281,1),
	(2284,'景东县',2281,1),
	(2285,'镇沅县',2281,1),
	(2286,'景谷县',2281,1),
	(2287,'墨江县',2281,1),
	(2288,'澜沧县',2281,1),
	(2289,'西盟县',2281,1),
	(2290,'江城县',2281,1),
	(2292,'临翔区',2291,1),
	(2293,'镇康县',2291,1),
	(2294,'凤庆县',2291,1),
	(2295,'云县',2291,1),
	(2296,'永德县',2291,1),
	(2297,'耿马县',2291,1),
	(2299,'隆阳区',2298,1),
	(2300,'施甸县',2298,1),
	(2301,'昌宁县',2298,1),
	(2302,'龙陵县',2298,1),
	(2303,'腾冲县',2298,1),
	(2305,'玉龙县',2304,1),
	(2306,'华坪县',2304,1),
	(2307,'永胜县',2304,1),
	(2308,'宁蒗县',2304,1),
	(2310,'文山市',2309,1),
	(2311,'麻栗坡县',2309,1),
	(2312,'砚山县',2309,1),
	(2313,'广南县',2309,1),
	(2314,'马关县',2309,1),
	(2315,'富宁县',2309,1),
	(2316,'西畴县',2309,1),
	(2317,'丘北县',2309,1),
	(2319,'个旧市',2318,1),
	(2320,'开远市',2318,1),
	(2321,'弥勒县',2318,1),
	(2322,'红河县',2318,1),
	(2323,'绿春县',2318,1),
	(2324,'蒙自市',2318,1),
	(2325,'泸西县',2318,1),
	(2326,'建水县',2318,1),
	(2327,'元阳县',2318,1),
	(2328,'石屏县',2318,1),
	(2329,'金平县',2318,1),
	(2330,'屏边县',2318,1),
	(2331,'河口县',2318,1),
	(2333,'景洪市',2332,1),
	(2334,'勐海县',2332,1),
	(2335,'勐腊县',2332,1),
	(2338,'元谋县',2336,1),
	(2339,'南华县',2336,1),
	(2340,'牟定县',2336,1),
	(2341,'武定县',2336,1),
	(2342,'大姚县',2336,1),
	(2343,'双柏县',2336,1),
	(2344,'禄丰县',2336,1),
	(2345,'永仁县',2336,1),
	(2349,'剑川县',2347,1),
	(2350,'弥渡县',2347,1),
	(2351,'云龙县',2347,1),
	(2352,'洱源县',2347,1),
	(2353,'鹤庆县',2347,1),
	(2354,'宾川县',2347,1),
	(2355,'祥云县',2347,1),
	(2356,'永平县',2347,1),
	(2357,'巍山县',2347,1),
	(2358,'漾濞县',2347,1),
	(2359,'南涧县',2347,1),
	(2361,'芒市',2360,1),
	(2362,'瑞丽市',2360,1),
	(2363,'盈江县',2360,1),
	(2364,'梁河县',2360,1),
	(2365,'陇川县',2360,1),
	(2367,'泸水县',2366,1),
	(2368,'福贡县',2366,1),
	(2369,'兰坪县',2366,1),
	(2370,'贡山县',2366,1),
	(2380,'高陵县',2376,1),
	(2381,'蓝田县',2376,1),
	(2382,'户县',2376,1),
	(2383,'周至县',2376,1),
	(2387,'印台区',2386,1),
	(2388,'宜君县',2386,1),
	(2389,'王益区',2386,1),
	(2392,'岐山县',2390,1),
	(2393,'太白县',2390,1),
	(2394,'凤翔县',2390,1),
	(2395,'陇县',2390,1),
	(2396,'麟游县',2390,1),
	(2397,'千阳县',2390,1),
	(2398,'扶风县',2390,1),
	(2399,'凤县',2390,1),
	(2400,'眉县',2390,1),
	(2401,'渭滨区',2390,1),
	(2403,'兴平市',2402,1),
	(2404,'礼泉县',2402,1),
	(2405,'泾阳县',2402,1),
	(2406,'永寿县',2402,1),
	(2407,'三原县',2402,1),
	(2408,'彬县',2402,1),
	(2409,'旬邑县',2402,1),
	(2411,'长武县',2402,1),
	(2412,'乾县',2402,1),
	(2413,'武功县',2402,1),
	(2414,'淳化县',2402,1),
	(2417,'韩城市',2416,1),
	(2418,'华阴市',2416,1),
	(2419,'蒲城县',2416,1),
	(2420,'华县',2416,1),
	(2421,'潼关县',2416,1),
	(2422,'大荔县',2416,1),
	(2423,'澄城县',2416,1),
	(2424,'合阳县',2416,1),
	(2425,'白水县',2416,1),
	(2426,'富平县',2416,1),
	(2429,'安塞县',2428,1),
	(2430,'洛川县',2428,1),
	(2431,'子长县',2428,1),
	(2432,'黄陵县',2428,1),
	(2433,'延长县',2428,1),
	(2434,'宜川县',2428,1),
	(2435,'延川县',2428,1),
	(2436,'甘泉县',2428,1),
	(2437,'富县',2428,1),
	(2438,'志丹县',2428,1),
	(2439,'黄龙县',2428,1),
	(2440,'吴起县',2428,1),
	(2443,'南郑县',2442,1),
	(2444,'城固县',2442,1),
	(2445,'洋县',2442,1),
	(2446,'佛坪县',2442,1),
	(2447,'留坝县',2442,1),
	(2448,'镇巴县',2442,1),
	(2449,'西乡县',2442,1),
	(2450,'勉县',2442,1),
	(2451,'略阳县',2442,1),
	(2452,'宁强县',2442,1),
	(2456,'清涧县',2454,1),
	(2457,'绥德县',2454,1),
	(2459,'佳县',2454,1),
	(2460,'神木县',2454,1),
	(2461,'府谷县',2454,1),
	(2462,'子洲县',2454,1),
	(2464,'横山县',2454,1),
	(2465,'米脂县',2454,1),
	(2466,'吴堡县',2454,1),
	(2467,'定边县',2454,1),
	(2469,'商州区',2468,1),
	(2470,'镇安县',2468,1),
	(2471,'山阳县',2468,1),
	(2472,'洛南县',2468,1),
	(2473,'商南县',2468,1),
	(2474,'丹凤县',2468,1),
	(2475,'柞水县',2468,1),
	(2478,'紫阳县',2476,1),
	(2479,'岚皋县',2476,1),
	(2480,'旬阳县',2476,1),
	(2481,'镇坪县',2476,1),
	(2482,'平利县',2476,1),
	(2483,'宁陕县',2476,1),
	(2484,'汉阴县',2476,1),
	(2485,'石泉县',2476,1),
	(2486,'白河县',2476,1),
	(2488,'永登县',2487,1),
	(2489,'榆中县',2487,1),
	(2490,'皋兰县',2487,1),
	(2493,'永昌县',2492,1),
	(2494,'金川区',2492,1),
	(2496,'白银区',2495,1),
	(2497,'平川区',2495,1),
	(2498,'靖远县',2495,1),
	(2499,'景泰县',2495,1),
	(2500,'会宁县',2495,1),
	(2504,'甘谷县',2501,1),
	(2505,'武山县',2501,1),
	(2506,'清水县',2501,1),
	(2507,'秦安县',2501,1),
	(2508,'张家川县',2501,1),
	(2519,'华亭县',2518,1),
	(2520,'崇信县',2518,1),
	(2521,'泾川县',2518,1),
	(2522,'灵台县',2518,1),
	(2523,'镇原县',2518,1),
	(2524,'庄浪县',2518,1),
	(2526,'西峰区',2525,1),
	(2528,'镇原县',2525,1),
	(2529,'合水县',2525,1),
	(2530,'华池县',2525,1),
	(2531,'环县',2525,1),
	(2532,'宁县',2525,1),
	(2533,'正宁县',2525,1),
	(2535,'成县',2534,1),
	(2536,'礼县',2534,1),
	(2537,'康县',2534,1),
	(2538,'武都区',2534,1),
	(2539,'文县',2534,1),
	(2540,'两当县',2534,1),
	(2541,'徽县',2534,1),
	(2542,'宕昌县',2534,1),
	(2543,'西和县',2534,1),
	(2545,'凉州区',2544,1),
	(2546,'古浪县',2544,1),
	(2547,'天祝县',2544,1),
	(2548,'民勤县',2544,1),
	(2550,'甘州区',2549,1),
	(2551,'山丹县',2549,1),
	(2552,'临泽县',2549,1),
	(2553,'高台县',2549,1),
	(2554,'肃南县',2549,1),
	(2555,'民乐县',2549,1),
	(2558,'玉门市',2556,1),
	(2559,'敦煌市',2556,1),
	(2560,'金塔县',2556,1),
	(2562,'阿克塞县',2556,1),
	(2563,'肃北县',2556,1),
	(2565,'合作市',2564,1),
	(2566,'夏河县',2564,1),
	(2567,'碌曲县',2564,1),
	(2568,'舟曲县',2564,1),
	(2569,'玛曲县',2564,1),
	(2570,'迭部县',2564,1),
	(2571,'临潭县',2564,1),
	(2572,'卓尼县',2564,1),
	(2574,'临夏县',2573,1),
	(2575,'康乐县',2573,1),
	(2576,'永靖县',2573,1),
	(2577,'和政县',2573,1),
	(2578,'东乡族自治县',2573,1),
	(2579,'积石山县',2573,1),
	(2581,'湟中县',2580,1),
	(2582,'湟源县',2580,1),
	(2583,'大通县',2580,1),
	(2584,'互助县',2580,1),
	(2586,'平安县',2585,1),
	(2587,'乐都县',2585,1),
	(2588,'民和县',2585,1),
	(2589,'互助县',2585,1),
	(2590,'化隆县',2585,1),
	(2591,'循化县',2585,1),
	(2593,'海晏县',2592,1),
	(2594,'祁连县',2592,1),
	(2595,'刚察县',2592,1),
	(2596,'门源县',2592,1),
	(2598,'尖扎县',2597,1),
	(2599,'同仁县',2597,1),
	(2600,'泽库县',2597,1),
	(2602,'河南县',2597,1),
	(2606,'玛沁县',2605,1),
	(2607,'甘德县',2605,1),
	(2608,'达日县',2605,1),
	(2609,'班玛县',2605,1),
	(2610,'久治县',2605,1),
	(2611,'玛多县',2605,1),
	(2613,'玉树县',2612,1),
	(2614,'称多县',2612,1),
	(2615,'囊谦县',2612,1),
	(2616,'杂多县',2612,1),
	(2617,'治多县',2612,1),
	(2618,'曲麻莱县',2612,1),
	(2621,'德令哈市',2620,1),
	(2622,'乌兰县',2620,1),
	(2623,'天峻县',2620,1),
	(2624,'都兰县',2620,1),
	(2625,'大柴旦行委',2620,1),
	(2626,'冷湖行委',2620,1),
	(2627,'茫崖行委',2620,1),
	(2629,'灵武市',2628,1),
	(2630,'永宁县',2628,1),
	(2631,'贺兰县',2628,1),
	(2633,'平罗县',2632,1),
	(2635,'惠农区',2632,1),
	(2636,'大武口区',2632,1),
	(2638,'青铜峡市',2637,1),
	(2641,'同心县',2637,1),
	(2642,'盐池县',2637,1),
	(2643,'红寺堡开发区',2637,1),
	(2647,'西吉县',2644,1),
	(2648,'隆德县',2644,1),
	(2649,'泾源县',2644,1),
	(2650,'彭阳县',2644,1),
	(2651,'原州区',2644,1),
	(2653,'乌鲁木齐县',2652,1),
	(2655,'克拉玛依区',2654,1),
	(2657,'石河子市',2656,1),
	(2659,'吐鲁番市',2658,1),
	(2660,'托克逊县',2658,1),
	(2661,'鄯善县',2658,1),
	(2663,'哈密市',2662,1),
	(2664,'巴里坤县',2662,1),
	(2665,'伊吾县',2662,1),
	(2667,'和田市',2666,1),
	(2669,'墨玉县',2666,1),
	(2670,'洛浦县',2666,1),
	(2671,'策勒县',2666,1),
	(2672,'于田县',2666,1),
	(2673,'民丰县',2666,1),
	(2674,'皮山县',2666,1),
	(2676,'阿克苏市',2675,1),
	(2678,'温宿县',2675,1),
	(2679,'沙雅县',2675,1),
	(2680,'拜城县',2675,1),
	(2681,'阿瓦提县',2675,1),
	(2682,'库车县',2675,1),
	(2683,'柯坪县',2675,1),
	(2684,'新和县',2675,1),
	(2685,'乌什县',2675,1),
	(2687,'喀什市',2686,1),
	(2688,'巴楚县',2686,1),
	(2689,'泽普县',2686,1),
	(2690,'伽师县',2686,1),
	(2691,'叶城县',2686,1),
	(2692,'岳普湖县',2686,1),
	(2693,'疏附县',2686,1),
	(2694,'疏勒县',2686,1),
	(2695,'英吉沙县',2686,1),
	(2696,'麦盖提县',2686,1),
	(2697,'莎车县',2686,1),
	(2698,'塔什库尔干县',2686,1),
	(2700,'阿图什市',2699,1),
	(2701,'阿合奇县',2699,1),
	(2702,'乌恰县',2699,1),
	(2703,'阿克陶县',2699,1),
	(2705,'库尔勒市',2704,1),
	(2706,'尉犁县',2704,1),
	(2707,'和静县',2704,1),
	(2708,'博湖县',2704,1),
	(2709,'和硕县',2704,1),
	(2710,'轮台县',2704,1),
	(2711,'若羌县',2704,1),
	(2712,'且末县',2704,1),
	(2713,'焉耆县',2704,1),
	(2715,'昌吉市',2714,1),
	(2716,'阜康市',2714,1),
	(2718,'奇台县',2714,1),
	(2719,'玛纳斯县',2714,1),
	(2720,'吉木萨尔县',2714,1),
	(2721,'呼图壁县',2714,1),
	(2722,'木垒县',2714,1),
	(2724,'博乐市',2723,1),
	(2725,'精河县',2723,1),
	(2726,'温泉县',2723,1),
	(2728,'伊宁市',2727,1),
	(2729,'特克斯县',2727,1),
	(2730,'尼勒克县',2727,1),
	(2731,'昭苏县',2727,1),
	(2732,'新源县',2727,1),
	(2733,'霍城县',2727,1),
	(2734,'察布查尔县',2727,1),
	(2735,'巩留县',2727,1),
	(2737,'塔城市',2736,1),
	(2738,'乌苏市',2736,1),
	(2739,'额敏县',2736,1),
	(2740,'裕民县',2736,1),
	(2741,'沙湾县',2736,1),
	(2742,'托里县',2736,1),
	(2743,'和布克赛尔县',2736,1),
	(2745,'阿勒泰市',2744,1),
	(2746,'富蕴县',2744,1),
	(2747,'青河县',2744,1),
	(2748,'吉木乃县',2744,1),
	(2749,'布尔津县',2744,1),
	(2750,'福海县',2744,1),
	(2751,'哈巴河县',2744,1),
	(2755,'香港市区内',2754,1),
	(2756,'遵化市',258,1),
	(2757,'丰南区',258,1),
	(2759,'迁西县',258,1),
	(2760,'滦南县',258,1),
	(2762,'玉田县',258,1),
	(2763,'曹妃甸区',258,1),
	(2764,'乐亭县',258,1),
	(2765,'滦县',258,1),
	(2767,'隆化县',239,1),
	(2769,'台湾市区内',2768,1),
	(2771,'澳门市区内',2770,1),
	(2772,'无棣县',1090,1),
	(2773,'鄄城县',1099,1),
	(2774,'海安县',965,1),
	(2777,'南朗镇',1657,1),
	(2782,'上街区',412,1),
	(2799,'三环以内',72,1),
	(2819,'三环到四环之间',72,1),
	(2821,'内环到三环里',2802,1),
	(2827,'内环到二环里',2801,1),
	(2828,'内环到三环里',2804,1),
	(2829,'一环到二环',2803,1),
	(2831,'四环到五环内',2806,1),
	(2832,'四环到五环之间',2805,1),
	(2839,'四环到五环之间',72,1),
	(2840,'五环到六环之间',72,1),
	(2842,'二环到三环',2803,1),
	(2847,'郊区',2814,1),
	(2848,'三环以内',2800,1),
	(2849,'三环到四环之间',2800,1),
	(2850,'四环到五环之间',2800,1),
	(2851,'五环到六环之间',2800,1),
	(2852,'六环以外',2800,1),
	(2853,'二环到三环',2801,1),
	(2854,'二环到三环',2805,1),
	(2855,'三环到四环之间',2805,1),
	(2862,'城区以外',2816,1),
	(2902,'小榄镇',1657,1),
	(2906,'城区以外',2901,1),
	(2907,'全境',51043,1),
	(2908,'梁山县',2900,1),
	(2910,'兖州市',2900,1),
	(2912,'微山县',2900,1),
	(2913,'汶上县',2900,1),
	(2914,'泗水县',2900,1),
	(2915,'嘉祥县',2900,1),
	(2916,'鱼台县',2900,1),
	(2917,'金乡县',2900,1),
	(2924,'周村区',1016,1),
	(2926,'莒南县',1072,1),
	(2927,'新北区',978,1),
	(2930,'独山子区',2654,1),
	(2934,'五莲县',1108,1),
	(2950,'中堂镇',1655,1),
	(2952,'城关区',2951,1),
	(2954,'城区以外',2953,1),
	(2956,'光泽县',1352,1),
	(2957,'古镇',1657,1),
	(2958,'孟连县',2281,1),
	(2962,'淄川区',1016,1),
	(2963,'江干区',1213,1),
	(2966,'利通区',2637,1),
	(2967,'泽州县',325,1),
	(2968,'博山区',1016,1),
	(2969,'临淄区',1016,1),
	(2970,'雄关区',2509,1),
	(2972,'泾县',2971,1),
	(2973,'钟祥市',1477,1),
	(2974,'郯城县',1072,1),
	(2984,'全境',51036,1),
	(2985,'全境',51039,1),
	(2986,'全境',51040,1),
	(2987,'全境',51037,1),
	(2990,'北戴河区',248,1),
	(2991,'罗城县',1818,1),
	(2993,'龙山区',2992,1),
	(2994,'西安区',2992,1),
	(2995,'东丰县',2992,1),
	(2996,'东辽县',2992,1),
	(2999,'钦北区',1753,1),
	(3000,'全境',51038,1),
	(3001,'坦洲镇',1657,1),
	(3002,'鲁甸县',2270,1),
	(3003,'绥江县',2270,1),
	(3005,'宾阳县',1715,1),
	(3006,'白碱滩区',2654,1),
	(3007,'黄圃镇',1657,1),
	(3016,'三乡镇',1657,1),
	(3021,'格尔木市',2620,1),
	(3022,'涵江区',1329,1),
	(3023,'崆峒区',2518,1),
	(3024,'溧水区',904,1),
	(3037,'海丰县',1650,1),
	(3038,'滨江区',1213,1),
	(3041,'东坑镇',1655,1),
	(3045,'庆元县',1280,1),
	(3046,'兴宾区',3044,1),
	(3047,'合山市',3044,1),
	(3048,'忻城县',3044,1),
	(3049,'武宣县',3044,1),
	(3050,'象州县',3044,1),
	(3051,'金秀县',3044,1),
	(3055,'沙洋县',1477,1),
	(3067,'东凤镇',1657,1),
	(3068,'莒县',1108,1),
	(3070,'沅陵县',1574,1),
	(3072,'中宁县',3071,1),
	(3073,'城区',325,1),
	(3075,'长治县',3074,1),
	(3077,'临漳县',148,1),
	(3078,'道滘镇',1655,1),
	(3079,'武昌区',1381,1),
	(3081,'岷县',3080,1),
	(3082,'相城区',988,1),
	(3083,'金阊区',988,1),
	(3085,'虎丘区',988,1),
	(3087,'平江区',988,1),
	(3088,'沧浪区',988,1),
	(3092,'承德县',239,1),
	(3096,'嫩江县',776,1),
	(3097,'沙田镇',1655,1),
	(3098,'威县',164,1),
	(3100,'高埗镇',1655,1),
	(3102,'石龙镇',1655,1),
	(3104,'石排镇',1655,1),
	(3105,'企石镇',1655,1),
	(3108,'索县',3107,1),
	(3109,'潞城市',3074,1),
	(3111,'石碣镇',1655,1),
	(3112,'横栏镇',1657,1),
	(3113,'渑池县',495,1),
	(3116,'洪梅镇',1655,1),
	(3117,'泉港区',1332,1),
	(3118,'平鲁区',330,1),
	(3119,'商城县',549,1),
	(3120,'麻涌镇',1655,1),
	(3121,'东兴区',1988,1),
	(3123,'林周县',2951,1),
	(3125,'那大镇',3034,1),
	(3126,'芝罘区',1042,1),
	(3127,'通许县',420,1),
	(3128,'旌德县',2971,1),
	(3130,'贡嘎县',3129,1),
	(3132,'东平县',1112,1),
	(3133,'清水河县',799,1),
	(3134,'桥头镇',1655,1),
	(3136,'曲沃县',379,1),
	(3139,'昌都县',3138,1),
	(3142,'霍林郭勒市',902,1),
	(3143,'三角镇',1657,1),
	(3147,'宁国市',2971,1),
	(3148,'海原县',3071,1),
	(3151,'望牛墩镇',1655,1),
	(3152,'大化县',1818,1),
	(3155,'南山区',1607,1),
	(3156,'沽源县',224,1),
	(3160,'聂拉木县',3144,1),
	(3163,'广水市',1479,1),
	(3164,'曾都区',1479,1),
	(3166,'昂仁县',3144,1),
	(3169,'江州区',3168,1),
	(3171,'茶山镇',1655,1),
	(3172,'德惠市',639,1),
	(3175,'临夏市',2573,1),
	(3176,'南头镇',1657,1),
	(3182,'井陉矿区',142,1),
	(3187,'永年县',148,1),
	(3190,'新市区',199,1),
	(3191,'北市区',199,1),
	(3192,'南市区',199,1),
	(3193,'安新县',199,1),
	(3197,'双滦区',239,1),
	(3198,'鹰手营子矿区',239,1),
	(3199,'元宝山区',812,1),
	(3202,'古冶区',258,1),
	(3203,'开平区',258,1),
	(3206,'安次区',274,1),
	(3207,'广阳区',274,1),
	(3214,'新荣区',309,1),
	(3216,'南郊区',309,1),
	(3217,'矿区',309,1),
	(3219,'矿区',318,1),
	(3222,'郊区',3074,1),
	(3223,'襄垣县',3074,1),
	(3224,'屯留县',3074,1),
	(3225,'平顺县',3074,1),
	(3226,'黎城县',3074,1),
	(3227,'壶关县',3074,1),
	(3228,'长子县',3074,1),
	(3229,'武乡县',3074,1),
	(3230,'沁县',3074,1),
	(3231,'沁源县',3074,1),
	(3233,'闻喜县',398,1),
	(3235,'交口县',368,1),
	(3236,'交城县',368,1),
	(3237,'石楼县',368,1),
	(3240,'玉泉区',799,1),
	(3241,'赛罕区',799,1),
	(3245,'石拐区',805,1),
	(3246,'白云矿区',805,1),
	(3248,'海南区',810,1),
	(3249,'乌达区',810,1),
	(3251,'松山区',812,1),
	(3252,'开鲁县',902,1),
	(3253,'库伦旗',902,1),
	(3254,'奈曼旗',902,1),
	(3255,'扎鲁特旗',902,1),
	(3256,'科尔沁左翼中旗',902,1),
	(3258,'科尔沁左翼后旗',902,1),
	(3261,'沙河口区',573,1),
	(3263,'西岗区',573,1),
	(3264,'铁东区',579,1),
	(3266,'立山区',579,1),
	(3268,'望花区',584,1),
	(3269,'东洲区',584,1),
	(3270,'新抚区',584,1),
	(3271,'顺城区',584,1),
	(3275,'南芬区',589,1),
	(3282,'老边区',609,1),
	(3283,'西市区',609,1),
	(3286,'清河门区',617,1),
	(3288,'新邱区',617,1),
	(3290,'太子河区',621,1),
	(3291,'弓长岭区',621,1),
	(3292,'宏伟区',621,1),
	(3299,'龙城区',632,1),
	(3300,'龙港区',604,1),
	(3306,'双阳区',639,1),
	(3311,'东昌区',657,1),
	(3312,'图们市',687,1),
	(3313,'敦化市',687,1),
	(3314,'珲春市',687,1),
	(3315,'龙井市',687,1),
	(3316,'和龙市',687,1),
	(3317,'汪清县',687,1),
	(3318,'安图县',687,1),
	(3329,'恒山区',737,1),
	(3330,'滴道区',737,1),
	(3331,'梨树区',737,1),
	(3332,'城子河区',737,1),
	(3333,'麻山区',737,1),
	(3334,'兴山区',727,1),
	(3335,'向阳区',727,1),
	(3336,'工农区',727,1),
	(3337,'南山区',727,1),
	(3338,'兴安区',727,1),
	(3339,'东山区',727,1),
	(3340,'尖山区',731,1),
	(3341,'岭东区',731,1),
	(3342,'四方台区',731,1),
	(3343,'宝山区',731,1),
	(3344,'伊春区',753,1),
	(3345,'南岔区',753,1),
	(3346,'友好区',753,1),
	(3347,'西林区',753,1),
	(3348,'翠峦区',753,1),
	(3349,'新青区',753,1),
	(3350,'美溪区',753,1),
	(3351,'金山屯区',753,1),
	(3352,'五营区',753,1),
	(3353,'乌马河区',753,1),
	(3354,'汤旺河区',753,1),
	(3355,'带岭区',753,1),
	(3356,'乌伊岭区',753,1),
	(3357,'红星区',753,1),
	(3358,'上甘岭区',753,1),
	(3364,'桃山区',773,1),
	(3365,'新兴区',773,1),
	(3366,'茄子河区',773,1),
	(3367,'爱民区',757,1),
	(3368,'东安区',757,1),
	(3369,'阳明区',757,1),
	(3370,'西安区',757,1),
	(3371,'爱辉区',776,1),
	(3373,'玄武区',904,1),
	(3375,'秦淮区',904,1),
	(3376,'建邺区',904,1),
	(3377,'鼓楼区',904,1),
	(3378,'栖霞区',904,1),
	(3379,'雨花台区',904,1),
	(3381,'崇安区',984,1),
	(3382,'南长区',984,1),
	(3383,'北塘区',984,1),
	(3384,'锡山区',984,1),
	(3385,'惠山区',984,1),
	(3388,'贾汪区',911,1),
	(3391,'戚墅堰区',978,1),
	(3392,'钟楼区',978,1),
	(3393,'天宁区',978,1),
	(3394,'港闸区',965,1),
	(3395,'崇川区',965,1),
	(3403,'润州区',972,1),
	(3404,'京口区',972,1),
	(3405,'高港区',959,1),
	(3406,'海陵区',959,1),
	(3407,'宿城区',933,1),
	(3408,'上城区',1213,1),
	(3409,'下城区',1213,1),
	(3410,'拱墅区',1213,1),
	(3411,'西湖区',1213,1),
	(3412,'海曙区',1158,1),
	(3413,'江东区',1158,1),
	(3416,'龙湾区',1233,1),
	(3418,'南湖区',1243,1),
	(3419,'秀洲区',1243,1),
	(3431,'包河区',1116,1),
	(3432,'蜀山区',1116,1),
	(3433,'瑶海区',1116,1),
	(3434,'庐阳区',1116,1),
	(3438,'镜湖区',1127,1),
	(3442,'蚌山区',1132,1),
	(3444,'工业园区',988,1),
	(3447,'田家庵区',1121,1),
	(3448,'大通区',1121,1),
	(3449,'谢家集区',1121,1),
	(3450,'八公山区',1121,1),
	(3451,'潘集区',1121,1),
	(3464,'黄山区',1151,1),
	(3467,'南谯区',1159,1),
	(3477,'郎溪县',2971,1),
	(3478,'广德县',2971,1),
	(3479,'绩溪县',2971,1),
	(3483,'台江区',1303,1),
	(3484,'鼓楼区',1303,1),
	(3486,'湖里区',1315,1),
	(3489,'翔安区',1315,1),
	(3492,'秀屿区',1329,1),
	(3495,'金门县',1332,1),
	(3498,'洛江区',1332,1),
	(3499,'芗城区',1341,1),
	(3500,'龙文区',1341,1),
	(3502,'新建县',1827,1),
	(3504,'湾里区',1827,1),
	(3505,'青云谱区',1827,1),
	(3506,'西湖区',1827,1),
	(3507,'东湖区',1827,1),
	(3508,'珠山区',1832,1),
	(3519,'四方区',1007,1),
	(3520,'市北区',1007,1),
	(3521,'市南区',1007,1),
	(3522,'山亭区',1022,1),
	(3523,'台儿庄区',1022,1),
	(3524,'峄城区',1022,1),
	(3525,'薛城区',1022,1),
	(3526,'市中区',1022,1),
	(3528,'莱山区',1042,1),
	(3530,'坊子区',1032,1),
	(3533,'任城区',2900,1),
	(3535,'宁阳县',1112,1),
	(3539,'钢城区',1058,1),
	(3540,'罗庄区',1072,1),
	(3542,'德城区',1060,1),
	(3543,'牡丹区',1099,1),
	(3544,'惠济区',412,1),
	(3545,'金水区',412,1),
	(3546,'管城区',412,1),
	(3547,'二七区',412,1),
	(3548,'中原区',412,1),
	(3555,'吉利区',427,1),
	(3556,'涧西区',427,1),
	(3557,'瀍河区',427,1),
	(3558,'老城区',427,1),
	(3559,'西工区',427,1),
	(3560,'石龙区',438,1),
	(3566,'解放区',446,1),
	(3567,'山城区',454,1),
	(3570,'凤泉区',458,1),
	(3576,'源汇区',489,1),
	(3582,'江汉区',1381,1),
	(3583,'硚口区',1381,1),
	(3593,'沙市区',1413,1),
	(3594,'宜都市',1421,1),
	(3595,'猇亭区',1421,1),
	(3596,'点军区',1421,1),
	(3597,'伍家岗区',1421,1),
	(3598,'西陵区',1421,1),
	(3599,'掇刀区',1477,1),
	(3600,'东宝区',1477,1),
	(3601,'梁子湖区',1475,1),
	(3602,'华容区',1475,1),
	(3606,'芙蓉区',1482,1),
	(3619,'君山区',1522,1),
	(3620,'云溪区',1522,1),
	(3622,'永定区',1540,1),
	(3626,'中方县',1574,1),
	(3633,'天河区',1601,1),
	(3634,'海珠区',1601,1),
	(3635,'荔湾区',1601,1),
	(3637,'越秀区',1601,1),
	(3638,'罗湖区',1607,1),
	(3639,'福田区',1607,1),
	(3643,'武江区',1617,1),
	(3644,'浈江区',1617,1),
	(3646,'坡头区',1677,1),
	(3650,'横县',1715,1),
	(3651,'上林县',1715,1),
	(3652,'隆安县',1715,1),
	(3653,'马山县',1715,1),
	(3659,'融安县',1720,1),
	(3660,'三江县',1720,1),
	(3661,'融水县',1720,1),
	(3666,'恭城县',1726,1),
	(3670,'象山区',1726,1),
	(3678,'凌云县',1806,1),
	(3679,'都安县',1818,1),
	(3680,'金城江区',1818,1),
	(3681,'凭祥市',3168,1),
	(3682,'扶绥县',3168,1),
	(3683,'大新县',3168,1),
	(3684,'天等县',3168,1),
	(3685,'宁明县',3168,1),
	(3686,'龙州县',3168,1),
	(3693,'海棠湾镇',3690,1),
	(3694,'吉阳镇',3690,1),
	(3695,'凤凰镇',3690,1),
	(3696,'天涯镇',3690,1),
	(3697,'育才镇',3690,1),
	(3712,'通什镇',3699,1),
	(3713,'南圣镇',3699,1),
	(3714,'毛阳镇',3699,1),
	(3715,'番阳镇',3699,1),
	(3716,'畅好乡',3699,1),
	(3717,'毛道乡',3699,1),
	(3719,'水满乡',3699,1),
	(3720,'嘉积镇',3115,1),
	(3721,'万泉镇',3115,1),
	(3722,'石壁镇',3115,1),
	(3723,'中原镇',3115,1),
	(3724,'博鳌镇',3115,1),
	(3725,'阳江镇',3115,1),
	(3727,'龙江镇',3115,1),
	(3728,'潭门镇',3115,1),
	(3729,'塔洋镇',3115,1),
	(3730,'长坡镇',3115,1),
	(3731,'大路镇',3115,1),
	(3732,'会山镇',3115,1),
	(3733,'和庆镇',3034,1),
	(3734,'南丰镇',3034,1),
	(3735,'大成镇',3034,1),
	(3736,'雅星镇',3034,1),
	(3737,'兰洋镇',3034,1),
	(3738,'光村镇',3034,1),
	(3739,'木棠镇',3034,1),
	(3740,'海头镇',3034,1),
	(3741,'峨蔓镇',3034,1),
	(3742,'高新区',988,1),
	(3743,'沙溪镇',1657,1),
	(3744,'三都镇',3034,1),
	(3745,'王五镇',3034,1),
	(3746,'白马井镇',3034,1),
	(3747,'中和镇',3034,1),
	(3748,'排浦镇',3034,1),
	(3749,'东成镇',3034,1),
	(3750,'新州镇',3034,1),
	(3751,'洋浦经济开发区',3034,1),
	(3752,'文城镇',3698,1),
	(3753,'重兴镇',3698,1),
	(3754,'蓬莱镇',3698,1),
	(3755,'会文镇',3698,1),
	(3756,'东路镇',3698,1),
	(3757,'潭牛镇',3698,1),
	(3758,'东阁镇',3698,1),
	(3759,'文教镇',3698,1),
	(3760,'东郊镇',3698,1),
	(3761,'龙楼镇',3698,1),
	(3762,'昌洒镇',3698,1),
	(3763,'翁田镇',3698,1),
	(3764,'抱罗镇',3698,1),
	(3765,'冯坡镇',3698,1),
	(3766,'锦山镇',3698,1),
	(3767,'铺前镇',3698,1),
	(3768,'万城镇',3137,1),
	(3769,'龙滚镇',3137,1),
	(3770,'和乐镇',3137,1),
	(3771,'后安镇',3137,1),
	(3772,'大茂镇',3137,1),
	(3773,'东澳镇',3137,1),
	(3774,'礼纪镇',3137,1),
	(3775,'长丰镇',3137,1),
	(3776,'山根镇',3137,1),
	(3777,'北大镇',3137,1),
	(3778,'南桥镇',3137,1),
	(3779,'三更罗镇',3137,1),
	(3780,'八所镇',3173,1),
	(3781,'东河镇',3173,1),
	(3782,'大田镇',3173,1),
	(3783,'感城镇',3173,1),
	(3784,'板桥镇',3173,1),
	(3785,'三家镇',3173,1),
	(3786,'四更镇',3173,1),
	(3787,'新龙镇',3173,1),
	(3788,'天安乡',3173,1),
	(3789,'江边乡',3173,1),
	(3790,'临城镇',3701,1),
	(3791,'波莲镇',3701,1),
	(3792,'东英镇',3701,1),
	(3793,'博厚镇',3701,1),
	(3794,'皇桐镇',3701,1),
	(3795,'多文镇',3701,1),
	(3796,'和舍镇',3701,1),
	(3797,'南宝镇',3701,1),
	(3798,'新盈镇',3701,1),
	(3799,'调楼镇',3701,1),
	(3800,'加来镇',3701,1),
	(3801,'金江镇',3702,1),
	(3802,'老城镇',3702,1),
	(3803,'瑞溪镇',3702,1),
	(3804,'永发镇',3702,1),
	(3805,'加乐镇',3702,1),
	(3806,'文儒镇',3702,1),
	(3807,'中兴镇',3702,1),
	(3808,'仁兴镇',3702,1),
	(3809,'福山镇',3702,1),
	(3810,'桥头镇',3702,1),
	(3811,'定城镇',3703,1),
	(3812,'新竹镇',3703,1),
	(3813,'龙湖镇',3703,1),
	(3814,'雷鸣镇',3703,1),
	(3815,'龙门镇',3703,1),
	(3816,'龙河镇',3703,1),
	(3817,'岭口镇',3703,1),
	(3818,'翰林镇',3703,1),
	(3819,'富文镇',3703,1),
	(3820,'屯城镇',3704,1),
	(3821,'新兴镇',3704,1),
	(3822,'枫木镇',3704,1),
	(3823,'乌坡镇',3704,1),
	(3824,'南吕镇',3704,1),
	(3825,'南坤镇',3704,1),
	(3826,'坡心镇',3704,1),
	(3827,'西昌镇',3704,1),
	(3828,'石碌镇',3705,1),
	(3829,'叉河镇',3705,1),
	(3830,'十月田镇',3705,1),
	(3831,'乌烈镇',3705,1),
	(3832,'昌化镇',3705,1),
	(3833,'海尾镇',3705,1),
	(3834,'牙叉镇',3706,1),
	(3835,'七坊镇',3706,1),
	(3836,'邦溪镇',3706,1),
	(3837,'打安镇',3706,1),
	(3838,'细水乡',3706,1),
	(3839,'元门乡',3706,1),
	(3840,'南开乡',3706,1),
	(3841,'阜龙乡',3706,1),
	(3842,'青松乡',3706,1),
	(3843,'金波乡',3706,1),
	(3844,'荣邦乡',3706,1),
	(3845,'抱由镇',3710,1),
	(3846,'万冲镇',3710,1),
	(3847,'大安镇',3710,1),
	(3849,'志仲镇',3710,1),
	(3851,'千家镇',3710,1),
	(3852,'九所镇',3710,1),
	(3853,'利国镇',3710,1),
	(3854,'黄流镇',3710,1),
	(3855,'佛罗镇',3710,1),
	(3856,'尖峰镇',3710,1),
	(3857,'莺歌海镇',3710,1),
	(3858,'椰林镇',3708,1),
	(3859,'光坡镇',3708,1),
	(3860,'三才镇',3708,1),
	(3861,'英州镇',3708,1),
	(3862,'隆广镇',3708,1),
	(3863,'文罗镇',3708,1),
	(3864,'本号镇',3708,1),
	(3865,'新村镇',3708,1),
	(3866,'黎安镇',3708,1),
	(3867,'提蒙乡',3708,1),
	(3868,'群英乡',3708,1),
	(3869,'保城镇',3709,1),
	(3870,'什玲镇',3709,1),
	(3871,'加茂镇',3709,1),
	(3872,'响水镇',3709,1),
	(3873,'新政镇',3709,1),
	(3874,'三道镇',3709,1),
	(3875,'六弓乡',3709,1),
	(3876,'南林乡',3709,1),
	(3877,'毛感乡',3709,1),
	(3878,'营根镇',3707,1),
	(3879,'湾岭镇',3707,1),
	(3880,'黎母山镇',3707,1),
	(3881,'和平镇',3707,1),
	(3882,'长征镇',3707,1),
	(3883,'红毛镇',3707,1),
	(3884,'中平镇',3707,1),
	(3885,'上安乡',3707,1),
	(3886,'什运乡',3707,1),
	(3887,'西沙群岛',3711,1),
	(3888,'南沙群岛',3711,1),
	(3895,'沿滩区',1946,1),
	(3896,'西区',1950,1),
	(3898,'纳溪区',1954,1),
	(3901,'元坝区',1977,1),
	(3902,'朝天区',1977,1),
	(3904,'巴州区',2042,1),
	(3905,'雁江区',2065,1),
	(3906,'南明区',2144,1),
	(3909,'白云区',2144,1),
	(3912,'五华区',2235,1),
	(3913,'官渡区',2235,1),
	(3914,'西山区',2235,1),
	(3915,'双江县',2291,1),
	(3916,'沧源县',2291,1),
	(3917,'姚安县',2336,1),
	(3918,'当雄县',2951,1),
	(3919,'尼木县',2951,1),
	(3920,'曲水县',2951,1),
	(3921,'堆龙德庆县',2951,1),
	(3922,'达孜县',2951,1),
	(3923,'墨竹工卡县',2951,1),
	(3924,'江达县',3138,1),
	(3925,'贡觉县',3138,1),
	(3926,'类乌齐县',3138,1),
	(3927,'丁青县',3138,1),
	(3928,'察雅县',3138,1),
	(3929,'八宿县',3138,1),
	(3930,'左贡县',3138,1),
	(3931,'芒康县',3138,1),
	(3932,'洛隆县',3138,1),
	(3933,'边坝县',3138,1),
	(3934,'扎囊县',3129,1),
	(3935,'乃东县',3129,1),
	(3936,'桑日县',3129,1),
	(3937,'琼结县',3129,1),
	(3938,'曲松县',3129,1),
	(3939,'措美县',3129,1),
	(3940,'洛扎县',3129,1),
	(3941,'加查县',3129,1),
	(3942,'隆子县',3129,1),
	(3943,'错那县',3129,1),
	(3944,'浪卡子县',3129,1),
	(3945,'日喀则市',3144,1),
	(3946,'南木林县',3144,1),
	(3947,'江孜县',3144,1),
	(3948,'定日县',3144,1),
	(3949,'萨迦县　',3144,1),
	(3950,'拉孜县',3144,1),
	(3951,'谢通门县',3144,1),
	(3952,'白朗县',3144,1),
	(3953,'仁布县',3144,1),
	(3954,'康马县',3144,1),
	(3955,'定结县',3144,1),
	(3956,'仲巴县',3144,1),
	(3957,'亚东县',3144,1),
	(3958,'吉隆县',3144,1),
	(3959,'萨嘎县',3144,1),
	(3960,'岗巴县',3144,1),
	(3961,'那曲县',3107,1),
	(3962,'嘉黎县',3107,1),
	(3963,'比如县',3107,1),
	(3964,'聂荣县',3107,1),
	(3965,'安多县',3107,1),
	(3966,'申扎县',3107,1),
	(3967,'班戈县',3107,1),
	(3968,'巴青县',3107,1),
	(3969,'尼玛县',3107,1),
	(3972,'噶尔县',3970,1),
	(3973,'普兰县',3970,1),
	(3974,'札达县　',3970,1),
	(3975,'日土县',3970,1),
	(3976,'革吉县',3970,1),
	(3977,'改则县',3970,1),
	(3978,'措勤县',3970,1),
	(3979,'林芝县',3971,1),
	(3980,'工布江达县',3971,1),
	(3981,'米林县',3971,1),
	(3982,'墨脱县',3971,1),
	(3983,'波密县',3971,1),
	(3984,'察隅县',3971,1),
	(3985,'朗县',3971,1),
	(3989,'耀州区',2386,1),
	(3990,'金台区',2390,1),
	(3993,'汉滨区',2476,1),
	(3995,'西固区',2487,1),
	(3997,'红古区',2487,1),
	(3998,'静宁县',2518,1),
	(3999,'瓜州县',2556,1),
	(4000,'肃州区',2556,1),
	(4001,'庆城县',2525,1),
	(4002,'安定区',3080,1),
	(4003,'通渭县',3080,1),
	(4004,'临洮县',3080,1),
	(4005,'漳县',3080,1),
	(4006,'渭源县',3080,1),
	(4007,'陇西县',3080,1),
	(4008,'广河县',2573,1),
	(4012,'共和县',2603,1),
	(4013,'同德县',2603,1),
	(4014,'贵德县',2603,1),
	(4015,'兴海县',2603,1),
	(4016,'贵南县',2603,1),
	(4020,'沙坡头区',3071,1),
	(4024,'头屯河区',2652,1),
	(4025,'达坂城区',2652,1),
	(4026,'米东区',2652,1),
	(4027,'乌尔禾区',2654,1),
	(4028,'奎屯市',2727,1),
	(4029,'新区',984,1),
	(4039,'高新区',1827,1),
	(4042,'五桂山镇',1657,1),
	(4043,'高唐县',1081,1),
	(4046,'宣化区',224,1),
	(4075,'开发区',1140,1),
	(4076,'阜沙镇',1657,1),
	(4078,'荆州区',1413,1),
	(4080,'东升镇',1657,1),
	(4081,'靖边县',2454,1),
	(4087,'谢岗镇',1655,1),
	(4093,'抚宁县',248,1),
	(4097,'开发区',274,1),
	(4101,'昌北区',1827,1),
	(4102,'板芙镇',1657,1),
	(4113,'岚山区',1108,1),
	(4114,'加格达奇区',793,1),
	(4115,'松岭区',793,1),
	(4116,'呼中区',793,1),
	(4122,'五家渠市',4110,1),
	(4127,'神湾镇',1657,1),
	(4130,'南浔区',1250,1),
	(4134,'西三旗',2800,1),
	(4135,'六环以内',2901,1),
	(4136,'城区',2901,1),
	(4137,'管庄',72,1),
	(4139,'北苑',72,1),
	(4141,'港口镇',1657,1),
	(4147,'松山湖',1655,1),
	(4148,'绥芬河市',757,1),
	(4150,'嵩县',427,1),
	(4158,'平山县',142,1),
	(4161,'共青城市',1845,1),
	(4171,'阿拉尔市',2675,1),
	(4172,'弋江区',1127,1),
	(4173,'经济技术开发区',1116,1),
	(4182,'崖城镇',3690,1),
	(4187,'石景山城区',2806,1),
	(4188,'八大处科技园区',2806,1),
	(4190,'大涌镇',1657,1),
	(4192,'高新技术开发区',1116,1),
	(4194,'四环至五环之间',2810,1),
	(4196,'新市区',1108,1),
	(4205,'六环以外',2810,1),
	(4209,'西二旗',2800,1),
	(4211,'定福庄',72,1),
	(4214,'富克镇',3034,1),
	(4223,'金山桥开发区',911,1),
	(4224,'铜山经济技术开发区',911,1),
	(4228,'八段工业园区',911,1),
	(4238,'枫溪区',1705,1),
	(4248,'连云区',919,1),
	(4253,'高新科技开发区',1158,1),
	(4255,'莞城区',1655,1),
	(4256,'南城区',1655,1),
	(4277,'高新区',1000,1),
	(4284,'高新西区',1930,1),
	(4285,'下沙区',1213,1),
	(4298,'内环以内',50951,1),
	(4305,'经济开发区',925,1),
	(4337,'郑东新区',412,1),
	(4342,'茶山高教园区',1233,1),
	(4343,'雁塔区',2376,1),
	(4346,'太仓市',988,1),
	(4385,'南通经济技术开发区',965,1),
	(4424,'武汉经济技术开发区',1381,1),
	(4429,'桐乡市',1243,1),
	(4430,'平湖市',1243,1),
	(4431,'嘉善县',1243,1),
	(4457,'雁山区',1726,1),
	(4459,'武进区',978,1),
	(4468,'中山区',573,1),
	(4498,'黄竹镇',3703,1),
	(4499,'伊宁县',2727,1),
	(4760,'长安镇',1655,1),
	(4773,'宝安区',1607,1),
	(4781,'端州区',1690,1),
	(4832,'经济开发区',1167,1),
	(4852,'火炬开发区',1657,1),
	(4866,'寮步镇',1655,1),
	(4871,'大岭山镇',1655,1),
	(4886,'常平镇',1655,1),
	(4909,'李沧区',1007,1),
	(4910,'厚街镇',1655,1),
	(4911,'万江区',1655,1),
	(4912,'古塔区',598,1),
	(4913,'凌河区',598,1),
	(4914,'太和区',598,1),
	(4916,'镇江新区',972,1),
	(4932,'樟木头镇',1655,1),
	(4960,'淮南高新技术开发区',1121,1),
	(4961,'船山区',1983,1),
	(4980,'大朗镇',1655,1),
	(5457,'塘厦镇',1655,1),
	(5473,'凤岗镇',1655,1),
	(5484,'东山区',1709,1),
	(5505,'黄岛区',1007,1),
	(5864,'普宁市',1709,1),
	(5869,'清溪镇',1655,1),
	(5905,'横沥镇',1655,1),
	(5909,'甘井子区',573,1),
	(6006,'经济开发区',1180,1),
	(6115,'城区以内',2814,1),
	(6117,'北城新区',1116,1),
	(6118,'滨湖新区',1116,1),
	(6119,'政务文化新区',1116,1),
	(6120,'新站综合开发试验区',1116,1),
	(6501,'五环至六环之间',2810,1),
	(6561,'高新园区',573,1),
	(6627,'大连开发区',573,1),
	(6628,'站前区',609,1),
	(6641,'铁东区',651,1),
	(6642,'铁西区',651,1),
	(6646,'外环内',51050,1),
	(6666,'城区',2953,1),
	(6667,'城区',2816,1),
	(6675,'光明新区',1607,1),
	(6712,'北林区',782,1),
	(6736,'坪山新区',1607,1),
	(6737,'大鹏新区',1607,1),
	(6790,'经济技术开发区',598,1),
	(6822,'北屯市',2744,1),
	(6823,'香格里拉县',4108,1),
	(6824,'德钦县',4108,1),
	(6825,'维西县',4108,1),
	(6859,'银州区',6858,1),
	(6860,'清河区',6858,1),
	(6862,'开原市',6858,1),
	(6863,'铁岭县',6858,1),
	(6864,'西丰县',6858,1),
	(6865,'昌图县',6858,1),
	(6963,'博望区',1137,1),
	(7357,'随县',1479,1),
	(8540,'民众镇',1657,1),
	(8545,'大港油田',51049,1),
	(8546,'主城区内',51049,1),
	(8547,'主城区外',51049,1),
	(8558,'沭阳县',933,1),
	(8559,'泗阳县',933,1),
	(8891,'七星关区',2180,1),
	(9754,'桂林街道',123,1),
	(9755,'梓潼街道',123,1),
	(9756,'柏梓镇',123,1),
	(9757,'宝龙镇',123,1),
	(9758,'崇龛镇',123,1),
	(9759,'古溪镇',123,1),
	(9760,'龙形镇',123,1),
	(9761,'米心镇',123,1),
	(9762,'群力镇',123,1),
	(9763,'上和镇',123,1),
	(9764,'双江镇',123,1),
	(9765,'太安镇',123,1),
	(9766,'塘坝镇',123,1),
	(9767,'卧佛镇',123,1),
	(9768,'五桂镇',123,1),
	(9769,'小渡镇',123,1),
	(9770,'新胜镇',123,1),
	(9771,'玉溪镇',123,1),
	(9772,'别口乡',123,1),
	(9773,'田家乡',123,1),
	(9774,'寿桥乡',123,1),
	(9775,'陈家坝街道',113,1),
	(9776,'钟鼓楼街道',113,1),
	(9777,'周家坝街道',113,1),
	(9778,'百安坝街道',113,1),
	(9779,'高笋塘街道',113,1),
	(9780,'双河口街道',113,1),
	(9781,'龙都街道',113,1),
	(9782,'牌楼街道',113,1),
	(9783,'沙河街道',113,1),
	(9784,'太白街道',113,1),
	(9785,'五桥街道',113,1),
	(9786,'白土镇',113,1),
	(9787,'白羊镇',113,1),
	(9788,'大周镇',113,1),
	(9789,'弹子镇',113,1),
	(9790,'分水镇',113,1),
	(9791,'甘宁镇',113,1),
	(9792,'高峰镇',113,1),
	(9793,'高梁镇',113,1),
	(9794,'后山镇',113,1),
	(9795,'李河镇',113,1),
	(9796,'龙驹镇',113,1),
	(9797,'龙沙镇',113,1),
	(9798,'罗田镇',113,1),
	(9799,'孙家镇',113,1),
	(9800,'太安镇',113,1),
	(9801,'太龙镇',113,1),
	(9802,'天城镇',113,1),
	(9803,'武陵镇',113,1),
	(9804,'响水镇',113,1),
	(9805,'小周镇',113,1),
	(9806,'新田镇',113,1),
	(9807,'新乡镇',113,1),
	(9808,'熊家镇',113,1),
	(9809,'余家镇',113,1),
	(9810,'长岭镇',113,1),
	(9811,'长坪镇',113,1),
	(9812,'长滩镇',113,1),
	(9813,'走马镇',113,1),
	(9814,'瀼渡镇',113,1),
	(9815,'茨竹乡',113,1),
	(9816,'柱山乡',113,1),
	(9817,'燕山乡',113,1),
	(9818,'溪口乡',113,1),
	(9819,'普子乡',113,1),
	(9820,'地宝乡',113,1),
	(9821,'铁峰乡',113,1),
	(9822,'黄柏乡',113,1),
	(9823,'九池乡',113,1),
	(9824,'梨树乡',113,1),
	(9825,'郭村乡',113,1),
	(9826,'恒合乡',113,1),
	(9827,'汉丰街道',132,1),
	(9828,'白鹤街道',132,1),
	(9829,'丰乐街道',132,1),
	(9830,'镇东街道',132,1),
	(9831,'九龙山镇',132,1),
	(9832,'大进镇',132,1),
	(9833,'敦好镇',132,1),
	(9834,'高桥镇',132,1),
	(9835,'郭家镇',132,1),
	(9836,'和谦镇',132,1),
	(9837,'河堰镇',132,1),
	(9838,'厚坝镇',132,1),
	(9839,'临江镇',132,1),
	(9840,'南门镇',132,1),
	(9841,'南雅镇',132,1),
	(9842,'渠口镇',132,1),
	(9843,'铁桥镇',132,1),
	(9844,'温泉镇',132,1),
	(9845,'义和镇',132,1),
	(9846,'长沙镇',132,1),
	(9847,'赵家镇',132,1),
	(9848,'镇安镇',132,1),
	(9849,'中和镇',132,1),
	(9850,'竹溪镇',132,1),
	(9851,'三汇口乡',132,1),
	(9852,'白桥乡',132,1),
	(9853,'大德乡',132,1),
	(9854,'关面乡',132,1),
	(9855,'金峰乡',132,1),
	(9856,'麻柳乡',132,1),
	(9857,'满月乡',132,1),
	(9858,'谭家乡',132,1),
	(9859,'天和乡',132,1),
	(9860,'巫山镇',132,1),
	(9861,'五通乡',132,1),
	(9862,'紫水乡',132,1),
	(9893,'荔枝街道',114,1),
	(9894,'敦仁街道',114,1),
	(9895,'江北街道',114,1),
	(9896,'江东街道',114,1),
	(9897,'崇义街道',114,1),
	(9898,'李渡镇',114,1),
	(9899,'白涛镇',114,1),
	(9900,'百胜镇',114,1),
	(9901,'堡子镇',114,1),
	(9902,'焦石镇',114,1),
	(9903,'蔺市镇',114,1),
	(9904,'龙桥镇',114,1),
	(9905,'龙潭镇',114,1),
	(9906,'马武镇',114,1),
	(9907,'南沱镇',114,1),
	(9908,'青羊镇',114,1),
	(9909,'清溪镇',114,1),
	(9910,'石沱镇',114,1),
	(9911,'新妙镇',114,1),
	(9912,'义和镇',114,1),
	(9913,'增福乡',114,1),
	(9914,'珍溪镇',114,1),
	(9915,'镇安镇',114,1),
	(9916,'致韩镇',114,1),
	(9917,'土地坡乡',114,1),
	(9918,'武陵山乡',114,1),
	(9919,'中峰乡',114,1),
	(9920,'梓里乡',114,1),
	(9921,'丛林乡',114,1),
	(9922,'大木乡',114,1),
	(9923,'惠民乡',114,1),
	(9924,'酒店乡',114,1),
	(9925,'聚宝乡',114,1),
	(9926,'卷洞乡',114,1),
	(9927,'两汇乡',114,1),
	(9928,'罗云乡',114,1),
	(9929,'明家乡',114,1),
	(9930,'仁义乡',114,1),
	(9931,'山窝乡',114,1),
	(9932,'石和乡',114,1),
	(9933,'石龙乡',114,1),
	(9934,'太和乡',114,1),
	(9935,'天台乡',114,1),
	(9936,'同乐乡',114,1),
	(9937,'新村乡',114,1),
	(9938,'梁山镇',115,1),
	(9939,'柏家镇',115,1),
	(9940,'碧山镇',115,1),
	(9941,'大观镇',115,1),
	(9942,'福禄镇',115,1),
	(9943,'合兴镇',115,1),
	(9944,'和林镇',115,1),
	(9945,'虎城镇',115,1),
	(9946,'回龙镇',115,1),
	(9947,'金带镇',115,1),
	(9948,'聚奎镇',115,1),
	(9949,'礼让镇',115,1),
	(9950,'龙门镇',115,1),
	(9951,'明达镇',115,1),
	(9952,'蟠龙镇',115,1),
	(9953,'屏锦镇',115,1),
	(9954,'仁贤镇',115,1),
	(9955,'石安镇',115,1),
	(9956,'文化镇',115,1),
	(9957,'新盛镇',115,1),
	(9958,'荫平镇',115,1),
	(9959,'袁驿镇',115,1),
	(9960,'云龙镇',115,1),
	(9961,'竹山镇',115,1),
	(9962,'安胜乡',115,1),
	(9963,'铁门乡',115,1),
	(9964,'紫照乡',115,1),
	(9965,'曲水乡',115,1),
	(9966,'龙胜乡',115,1),
	(9967,'城北乡',115,1),
	(9968,'城东乡',115,1),
	(9969,'复平乡',115,1),
	(9970,'东城街道',119,1),
	(9971,'南城街道',119,1),
	(9972,'西城街道',119,1),
	(9973,'太平场镇',119,1),
	(9974,'大观镇',119,1),
	(9975,'大有镇',119,1),
	(9976,'合溪镇',119,1),
	(9977,'金山镇',119,1),
	(9978,'鸣玉镇',119,1),
	(9979,'南平镇',119,1),
	(9980,'三泉镇',119,1),
	(9981,'神童镇',119,1),
	(9982,'石墙镇',119,1),
	(9983,'水江镇',119,1),
	(9984,'头渡镇',119,1),
	(9985,'兴隆镇',119,1),
	(9986,'冷水关乡',119,1),
	(9987,'德隆乡',119,1),
	(9988,'峰岩乡',119,1),
	(9989,'福寿乡',119,1),
	(9990,'古花乡',119,1),
	(9991,'河图乡',119,1),
	(9992,'民主乡',119,1),
	(9993,'木凉乡',119,1),
	(9994,'乾丰乡',119,1),
	(9995,'庆元乡',119,1),
	(9996,'石莲乡',119,1),
	(9997,'石溪乡',119,1),
	(9998,'铁村乡',119,1),
	(9999,'土溪乡',119,1),
	(10000,'鱼泉乡',119,1),
	(10001,'中桥乡',119,1),
	(10002,'城西街道',128,1),
	(10003,'城东街道',128,1),
	(10004,'城南街道',128,1),
	(10005,'正阳街道',128,1),
	(10006,'舟白街道',128,1),
	(10007,'阿蓬江镇',128,1),
	(10008,'小南海镇',128,1),
	(10009,'鹅池镇',128,1),
	(10010,'冯家镇',128,1),
	(10011,'黑溪镇',128,1),
	(10012,'黄溪镇',128,1),
	(10013,'金溪镇',128,1),
	(10014,'黎水镇',128,1),
	(10015,'邻鄂镇',128,1),
	(10016,'马喇镇',128,1),
	(10017,'石会镇',128,1),
	(10018,'石家镇',128,1),
	(10019,'濯水镇',128,1),
	(10020,'白石乡',128,1),
	(10021,'白土乡',128,1),
	(10022,'金洞乡',128,1),
	(10023,'蓬东乡',128,1),
	(10024,'沙坝乡',128,1),
	(10025,'杉岭乡',128,1),
	(10026,'水市乡',128,1),
	(10027,'水田乡',128,1),
	(10028,'太极乡',128,1),
	(10029,'五里乡',128,1),
	(10030,'新华乡',128,1),
	(10031,'中塘乡',128,1),
	(10032,'仙女山镇',129,1),
	(10033,'巷口镇',129,1),
	(10034,'白马镇',129,1),
	(10035,'火炉镇',129,1),
	(10036,'江口镇',129,1),
	(10037,'平桥镇',129,1),
	(10038,'桐梓镇',129,1),
	(10039,'土坎镇',129,1),
	(10040,'鸭江镇',129,1),
	(10041,'羊角镇',129,1),
	(10042,'长坝镇',129,1),
	(10043,'白云乡',129,1),
	(10044,'沧沟乡',129,1),
	(10045,'凤来乡',129,1),
	(10046,'浩口乡',129,1),
	(10047,'和顺乡',129,1),
	(10048,'后坪乡',129,1),
	(10049,'黄莺乡',129,1),
	(10050,'接龙乡',129,1),
	(10051,'庙垭乡',129,1),
	(10052,'石桥乡',129,1),
	(10053,'双河乡',129,1),
	(10054,'铁矿乡',129,1),
	(10055,'土地乡',129,1),
	(10056,'文复乡',129,1),
	(10057,'赵家乡',129,1),
	(10058,'三合街道',130,1),
	(10059,'南天湖镇',130,1),
	(10060,'许明寺镇',130,1),
	(10061,'包鸾镇',130,1),
	(10062,'董家镇',130,1),
	(10063,'高家镇',130,1),
	(10064,'虎威镇',130,1),
	(10065,'江池镇',130,1),
	(10066,'龙河镇',130,1),
	(10067,'名山镇',130,1),
	(10068,'三元镇',130,1),
	(10069,'社坛镇',130,1),
	(10070,'十直镇',130,1),
	(10071,'树人镇',130,1),
	(10072,'双路镇',130,1),
	(10073,'武平镇',130,1),
	(10074,'兴义镇',130,1),
	(10075,'湛普镇',130,1),
	(10076,'镇江镇',130,1),
	(10077,'太平坝乡',130,1),
	(10078,'双龙场乡',130,1),
	(10079,'保合乡',130,1),
	(10080,'崇兴乡',130,1),
	(10081,'都督乡',130,1),
	(10082,'暨龙乡',130,1),
	(10083,'栗子乡',130,1),
	(10084,'龙孔乡',130,1),
	(10085,'青龙乡',130,1),
	(10086,'仁沙乡',130,1),
	(10087,'三坝乡',130,1),
	(10088,'三建乡',130,1),
	(10089,'双江街道',133,1),
	(10090,'青龙街道',133,1),
	(10091,'云阳镇',133,1),
	(10092,'巴阳镇',133,1),
	(10093,'凤鸣镇',133,1),
	(10094,'高阳镇',133,1),
	(10095,'故陵镇',133,1),
	(10096,'红狮镇',133,1),
	(10097,'黄石镇',133,1),
	(10098,'江口镇',133,1),
	(10099,'龙角镇',133,1),
	(10100,'路阳镇',133,1),
	(10101,'南溪镇',133,1),
	(10102,'农坝镇',133,1),
	(10103,'盘龙镇',133,1),
	(10104,'平安镇',133,1),
	(10105,'渠马镇',133,1),
	(10106,'人和镇',133,1),
	(10107,'桑坪镇',133,1),
	(10108,'沙市镇',133,1),
	(10109,'双土镇',133,1),
	(10110,'鱼泉镇',133,1),
	(10111,'云安镇',133,1),
	(10112,'洞鹿乡',133,1),
	(10113,'后叶乡',133,1),
	(10114,'龙洞乡',133,1),
	(10115,'毛坝乡',133,1),
	(10116,'泥溪乡',133,1),
	(10117,'票草乡',133,1),
	(10118,'普安乡',133,1),
	(10119,'栖霞乡',133,1),
	(10120,'清水乡',133,1),
	(10121,'上坝乡',133,1),
	(10122,'石门乡',133,1),
	(10123,'双龙乡',133,1),
	(10124,'水口乡',133,1),
	(10125,'外郎乡',133,1),
	(10126,'新津乡',133,1),
	(10127,'堰坪乡',133,1),
	(10128,'养鹿乡',133,1),
	(10129,'耀灵乡',133,1),
	(10130,'云硐乡',133,1),
	(10131,'忠州镇',134,1),
	(10132,'拔山镇',134,1),
	(10133,'白石镇',134,1),
	(10134,'东溪镇',134,1),
	(10135,'复兴镇',134,1),
	(10136,'官坝镇',134,1),
	(10137,'花桥镇',134,1),
	(10138,'黄金镇',134,1),
	(10139,'金鸡镇',134,1),
	(10140,'马灌镇',134,1),
	(10141,'任家镇',134,1),
	(10142,'汝溪镇',134,1),
	(10143,'三汇镇',134,1),
	(10144,'石宝镇',134,1),
	(10145,'石黄镇',134,1),
	(10146,'双桂镇',134,1),
	(10147,'乌杨镇',134,1),
	(10148,'新生镇',134,1),
	(10149,'洋渡镇',134,1),
	(10150,'野鹤镇',134,1),
	(10151,'永丰镇',134,1),
	(10152,'金声乡',134,1),
	(10153,'磨子乡',134,1),
	(10154,'善广乡',134,1),
	(10155,'石子乡',134,1),
	(10156,'涂井乡',134,1),
	(10157,'兴峰乡',134,1),
	(10158,'城厢镇',135,1),
	(10159,'凤凰镇',135,1),
	(10160,'古路镇',135,1),
	(10161,'尖山镇',135,1),
	(10162,'宁厂镇',135,1),
	(10163,'上磺镇',135,1),
	(10164,'文峰镇',135,1),
	(10165,'下堡镇',135,1),
	(10166,'徐家镇',135,1),
	(10167,'朝阳洞乡',135,1),
	(10168,'大河乡',135,1),
	(10169,'峰灵乡',135,1),
	(10170,'花台乡',135,1),
	(10171,'兰英乡',135,1),
	(10172,'菱角乡',135,1),
	(10173,'蒲莲乡',135,1),
	(10174,'胜利乡',135,1),
	(10175,'双阳乡',135,1),
	(10176,'塘坊乡',135,1),
	(10177,'天星乡',135,1),
	(10178,'天元乡',135,1),
	(10179,'田坝乡',135,1),
	(10180,'通城乡',135,1),
	(10181,'土城乡',135,1),
	(10182,'乌龙乡',135,1),
	(10183,'鱼鳞乡',135,1),
	(10184,'长桂乡',135,1),
	(10185,'中岗乡',135,1),
	(10186,'中梁乡',135,1),
	(10187,'巫峡镇',136,1),
	(10188,'大昌镇',136,1),
	(10189,'福田镇',136,1),
	(10190,'官渡镇',136,1),
	(10191,'官阳镇',136,1),
	(10192,'龙溪镇',136,1),
	(10193,'骡坪镇',136,1),
	(10194,'庙堂乡',136,1),
	(10195,'庙宇镇',136,1),
	(10196,'双龙镇',136,1),
	(10197,'铜鼓镇',136,1),
	(10198,'抱龙镇',136,1),
	(10199,'大溪乡',136,1),
	(10200,'当阳乡',136,1),
	(10201,'邓家乡',136,1),
	(10202,'笃坪乡',136,1),
	(10203,'红椿乡',136,1),
	(10204,'建平乡',136,1),
	(10205,'金坪乡',136,1),
	(10206,'两坪乡',136,1),
	(10207,'龙井乡',136,1),
	(10208,'培石乡',136,1),
	(10209,'平河乡',136,1),
	(10210,'曲尺乡',136,1),
	(10211,'三溪乡',136,1),
	(10212,'竹贤乡',136,1),
	(10213,'南宾镇',137,1),
	(10214,'黄水镇',137,1),
	(10215,'临溪镇',137,1),
	(10216,'龙沙镇',137,1),
	(10217,'马武镇',137,1),
	(10218,'沙子镇',137,1),
	(10219,'王场镇',137,1),
	(10220,'西沱镇',137,1),
	(10221,'下路镇',137,1),
	(10222,'沿溪镇',137,1),
	(10223,'渔池镇',137,1),
	(10224,'悦崃镇',137,1),
	(10225,'大歇乡',137,1),
	(10226,'枫木乡',137,1),
	(10227,'河嘴乡',137,1),
	(10228,'黄鹤乡',137,1),
	(10229,'金铃乡',137,1),
	(10230,'金竹乡',137,1),
	(10231,'冷水乡',137,1),
	(10232,'黎场乡',137,1),
	(10233,'六塘乡',137,1),
	(10234,'龙潭乡',137,1),
	(10235,'桥头乡',137,1),
	(10236,'三河乡',137,1),
	(10237,'三益乡',137,1),
	(10238,'石家乡',137,1),
	(10239,'万朝乡',137,1),
	(10240,'王家乡',137,1),
	(10241,'洗新乡',137,1),
	(10242,'新乐乡',137,1),
	(10243,'中益乡',137,1),
	(10244,'汉葭街道',138,1),
	(10245,'保家镇',138,1),
	(10246,'高谷镇',138,1),
	(10247,'黄家镇',138,1),
	(10248,'连湖镇',138,1),
	(10249,'龙射镇',138,1),
	(10250,'鹿角镇',138,1),
	(10251,'普子镇',138,1),
	(10252,'桑柘镇',138,1),
	(10253,'万足镇',138,1),
	(10254,'郁山镇',138,1),
	(10255,'梅子垭乡',138,1),
	(10256,'鞍子乡',138,1),
	(10257,'大垭乡',138,1),
	(10258,'棣棠乡',138,1),
	(10259,'靛水乡',138,1),
	(10260,'朗溪乡',138,1),
	(10261,'联合乡',138,1),
	(10262,'龙塘乡',138,1),
	(10263,'龙溪乡',138,1),
	(10264,'芦塘乡',138,1),
	(10265,'鹿鸣乡',138,1),
	(10266,'平安乡',138,1),
	(10267,'迁乔乡',138,1),
	(10268,'乔梓乡',138,1),
	(10269,'润溪乡',138,1),
	(10270,'三义乡',138,1),
	(10271,'善感乡',138,1),
	(10272,'石柳乡',138,1),
	(10273,'石盘乡',138,1),
	(10274,'双龙乡',138,1),
	(10275,'太原乡',138,1),
	(10276,'桐楼乡',138,1),
	(10277,'小厂乡',138,1),
	(10278,'新田乡',138,1),
	(10279,'岩东乡',138,1),
	(10280,'长滩乡',138,1),
	(10281,'诸佛乡',138,1),
	(10282,'走马乡',138,1),
	(10283,'桂溪镇',139,1),
	(10284,'澄溪镇',139,1),
	(10285,'高安镇',139,1),
	(10286,'高峰镇',139,1),
	(10287,'鹤游镇',139,1),
	(10288,'普顺镇',139,1),
	(10289,'沙坪镇',139,1),
	(10290,'太平镇',139,1),
	(10291,'五洞镇',139,1),
	(10292,'新民镇',139,1),
	(10293,'砚台镇',139,1),
	(10294,'永安镇',139,1),
	(10295,'周嘉镇',139,1),
	(10296,'白家乡',139,1),
	(10297,'包家乡',139,1),
	(10298,'曹回乡',139,1),
	(10299,'大石乡',139,1),
	(10300,'杠家乡',139,1),
	(10301,'黄沙乡',139,1),
	(10302,'裴兴乡',139,1),
	(10303,'三溪乡',139,1),
	(10304,'沙河乡',139,1),
	(10305,'永平乡',139,1),
	(10306,'长龙乡',139,1),
	(10307,'钟多镇',140,1),
	(10308,'苍岭镇',140,1),
	(10309,'车田乡',140,1),
	(10310,'大溪镇',140,1),
	(10311,'丁市镇',140,1),
	(10312,'泔溪镇',140,1),
	(10313,'龚滩镇',140,1),
	(10314,'黑水镇',140,1),
	(10315,'后溪镇',140,1),
	(10316,'李溪镇',140,1),
	(10317,'龙潭镇',140,1),
	(10318,'麻旺镇',140,1),
	(10319,'小河镇',140,1),
	(10320,'兴隆镇',140,1),
	(10321,'酉酬镇',140,1),
	(10322,'南腰界乡',140,1),
	(10323,'后坪坝乡',140,1),
	(10324,'板溪乡',140,1),
	(10325,'官清乡',140,1),
	(10326,'花田乡',140,1),
	(10327,'江丰乡',140,1),
	(10328,'可大乡',140,1),
	(10329,'浪坪乡',140,1),
	(10330,'两罾乡',140,1),
	(10331,'毛坝乡',140,1),
	(10332,'庙溪乡',140,1),
	(10333,'木叶乡',140,1),
	(10334,'楠木乡',140,1),
	(10335,'偏柏乡',140,1),
	(10336,'清泉乡',140,1),
	(10337,'双泉乡',140,1),
	(10338,'天馆乡',140,1),
	(10339,'铜鼓乡',140,1),
	(10340,'涂市乡',140,1),
	(10341,'万木乡',140,1),
	(10342,'五福乡',140,1),
	(10343,'宜居乡',140,1),
	(10344,'腴地乡',140,1),
	(10345,'板桥乡',140,1),
	(10346,'清溪场镇',141,1),
	(10347,'中和镇',141,1),
	(10348,'隘口镇',141,1),
	(10349,'峨溶镇',141,1),
	(10350,'官庄镇',141,1),
	(10351,'洪安镇',141,1),
	(10352,'兰桥镇',141,1),
	(10353,'龙池镇',141,1),
	(10354,'梅江镇',141,1),
	(10355,'平凯镇',141,1),
	(10356,'溶溪镇',141,1),
	(10357,'石堤镇',141,1),
	(10358,'石耶镇',141,1),
	(10359,'雅江镇',141,1),
	(10360,'巴家乡',141,1),
	(10361,'保安乡',141,1),
	(10362,'岑溪乡',141,1),
	(10363,'大溪乡',141,1),
	(10364,'干川乡',141,1),
	(10365,'膏田乡',141,1),
	(10366,'官舟乡',141,1),
	(10367,'海洋乡',141,1),
	(10368,'里仁乡',141,1),
	(10369,'妙泉乡',141,1),
	(10370,'平马乡',141,1),
	(10371,'宋农乡',141,1),
	(10372,'溪口乡',141,1),
	(10373,'孝溪乡',141,1),
	(10374,'涌洞乡',141,1),
	(10375,'中平乡',141,1),
	(10376,'钟灵乡',141,1),
	(10377,'永安镇',131,1),
	(10378,'白帝镇',131,1),
	(10379,'草堂镇',131,1),
	(10380,'大树镇',131,1),
	(10381,'汾河镇',131,1),
	(10382,'公平镇',131,1),
	(10383,'甲高镇',131,1),
	(10384,'康乐镇',131,1),
	(10385,'青龙镇',131,1),
	(10386,'吐祥镇',131,1),
	(10387,'新民镇',131,1),
	(10388,'兴隆镇',131,1),
	(10389,'羊市镇',131,1),
	(10390,'朱衣镇',131,1),
	(10391,'竹园镇',131,1),
	(10392,'安坪乡',131,1),
	(10393,'冯坪乡',131,1),
	(10394,'鹤峰乡',131,1),
	(10395,'红土乡',131,1),
	(10396,'康坪乡',131,1),
	(10397,'龙桥乡',131,1),
	(10398,'平安乡',131,1),
	(10399,'石岗乡',131,1),
	(10400,'太和乡',131,1),
	(10401,'五马乡',131,1),
	(10402,'新政乡',131,1),
	(10403,'岩湾乡',131,1),
	(10404,'云雾乡',131,1),
	(10405,'长安乡',131,1),
	(10406,'葛城镇',4164,1),
	(10407,'巴山镇',4164,1),
	(10408,'高观镇',4164,1),
	(10409,'庙坝镇',4164,1),
	(10410,'明通镇',4164,1),
	(10411,'坪坝镇',4164,1),
	(10412,'修齐镇',4164,1),
	(10413,'北屏乡',4164,1),
	(10414,'东安乡',4164,1),
	(10415,'高楠乡',4164,1),
	(10416,'高燕乡',4164,1),
	(10417,'河鱼乡',4164,1),
	(10418,'厚坪乡',4164,1),
	(10419,'鸡鸣乡',4164,1),
	(10420,'岚天乡',4164,1),
	(10421,'蓼子乡',4164,1),
	(10422,'龙田乡',4164,1),
	(10423,'明中乡',4164,1),
	(10424,'双河乡',4164,1),
	(10425,'咸宜乡',4164,1),
	(10426,'沿河乡',4164,1),
	(10427,'治平乡',4164,1),
	(10428,'周溪乡',4164,1),
	(10429,'左岚乡',4164,1),
	(11432,'新林区',793,1),
	(12746,'畅好农场',3699,1),
	(12747,'彬村山华侨农场',3115,1),
	(12748,'东太农场',3115,1),
	(12749,'东红农场',3115,1),
	(12750,'东升农场',3115,1),
	(12751,'南俸农场',3115,1),
	(12752,'西培农场',3034,1),
	(12753,'西联农场',3034,1),
	(12754,'蓝洋农场',3034,1),
	(12755,'八一农场',3034,1),
	(12756,'西华农场',3034,1),
	(12757,'西庆农场',3034,1),
	(12758,'西流农场',3034,1),
	(12759,'新盈农场',3034,1),
	(12760,'龙山农场',3034,1),
	(12761,'红岭农场',3034,1),
	(12762,'公坡镇',3698,1),
	(12763,'迈号镇',3698,1),
	(12764,'清谰镇',3698,1),
	(12765,'南阳镇',3698,1),
	(12766,'新桥镇',3698,1),
	(12767,'头苑镇',3698,1),
	(12768,'宝芳乡',3698,1),
	(12769,'龙马乡',3698,1),
	(12770,'湖山乡',3698,1),
	(12771,'东路农场',3698,1),
	(12772,'南阳农场',3698,1),
	(12773,'罗豆农场',3698,1),
	(12774,'橡胶研究所',3698,1),
	(12775,'六连林场',3137,1),
	(12776,'东兴农场',3137,1),
	(12777,'东和农场',3137,1),
	(12778,'新中农场',3137,1),
	(12779,'兴隆华侨农场',3137,1),
	(12780,'广坝农场',3173,1),
	(12781,'东方华侨农场',3173,1),
	(12782,'金鸡岭农场',3703,1),
	(12783,'中瑞农场',3703,1),
	(12784,'南海农场',3703,1),
	(12785,'中建农场',3704,1),
	(12786,'中坤农场',3704,1),
	(12787,'大丰镇',3702,1),
	(12788,'红光农场',3702,1),
	(12789,'西达农场',3702,1),
	(12790,'金安农场',3702,1),
	(12791,'红华农场',3701,1),
	(12792,'加来农场',3701,1),
	(12793,'白沙农场',3706,1),
	(12794,'龙江农场',3706,1),
	(12795,'邦溪农场',3706,1),
	(12796,'七叉镇',3705,1),
	(12797,'王下乡',3705,1),
	(12798,'海南矿业公司',3705,1),
	(12799,'霸王岭林场',3705,1),
	(12800,'红林农场',3705,1),
	(12801,'尖峰岭林业公司',3710,1),
	(12802,'莺歌海盐场',3710,1),
	(12803,'山荣农场',3710,1),
	(12804,'乐光农场',3710,1),
	(12805,'保国农场',3710,1),
	(12806,'吊罗山林业公司',3708,1),
	(12807,'岭门农场',3708,1),
	(12808,'南平农场',3708,1),
	(12809,'保亭研究所',3709,1),
	(12810,'新星农场',3709,1),
	(12811,'金江农场',3709,1),
	(12812,'三道农场',3709,1),
	(12813,'吊罗山乡',3707,1),
	(12814,'黎母山林业公司',3707,1),
	(12815,'阳江农场',3707,1),
	(12816,'乌石农场',3707,1),
	(12817,'加钗农场',3707,1),
	(12818,'长征农场',3707,1),
	(12819,'中沙群岛',3711,1),
	(12824,'热作学院',3034,1),
	(13518,'龙岗街道',126,1),
	(13519,'棠香街道',126,1),
	(13520,'龙滩子街道',126,1),
	(13521,'龙水镇',126,1),
	(13522,'智凤镇',126,1),
	(13523,'宝顶镇',126,1),
	(13524,'中敖镇',126,1),
	(13525,'三驱镇',126,1),
	(13526,'宝兴镇',126,1),
	(13527,'玉龙镇',126,1),
	(13528,'石马镇',126,1),
	(13529,'拾万镇',126,1),
	(13530,'回龙镇',126,1),
	(13531,'金山镇',126,1),
	(13532,'万古镇',126,1),
	(13533,'国梁镇',126,1),
	(13534,'雍溪镇',126,1),
	(13535,'珠溪镇',126,1),
	(13536,'龙石镇',126,1),
	(13537,'邮亭镇',126,1),
	(13538,'铁山镇',126,1),
	(13539,'高升镇',126,1),
	(13540,'季家镇',126,1),
	(13541,'古龙镇',126,1),
	(13542,'高坪镇',126,1),
	(13543,'双路镇',126,1),
	(13544,'通桥镇',126,1),
	(13989,'江阴市',984,1),
	(14848,'和田县',2666,1),
	(15943,'宜兴市',984,1),
	(15944,'柯桥区',1255,1),
	(15947,'图木舒克市',15946,1),
	(15948,'阿拉尔市',15945,1),
	(16899,'长城区',2509,1),
	(16923,'镜铁区',2509,1),
	(18317,'安源区',1836,1),
	(18374,'康巴什新区',870,1),
	(18375,'大观区',1140,1),
	(18376,'宜秀区',1140,1),
	(18377,'迎江区',1140,1),
	(18549,'淮上区',1132,1),
	(18550,'龙子湖区',1132,1),
	(18551,'禹会区',1132,1),
	(18627,'谯城区',1174,1),
	(18714,'贵池区',1201,1),
	(18715,'琅琊区',1159,1),
	(18716,'天长市',1159,1),
	(18912,'金安区',1206,1),
	(18913,'裕安区',1206,1),
	(19158,'颍泉区',1167,1),
	(19159,'颍州区',1167,1),
	(19160,'颍东区',1167,1),
	(19223,'杜集区',1124,1),
	(19224,'烈山区',1124,1),
	(19225,'濉溪县',1124,1),
	(19226,'相山区',1124,1),
	(19227,'徽州区',1151,1),
	(19228,'屯溪区',1151,1),
	(19377,'赤坎区',1677,1),
	(19378,'霞山区',1677,1),
	(19379,'经济技术开发区',1677,1),
	(19380,'麻章区',1677,1),
	(19381,'遂溪县',1677,1),
	(19382,'廉江市',1677,1),
	(19465,'茂南区',1684,1),
	(19466,'电白县',1684,1),
	(19467,'高州市',1684,1),
	(19468,'化州市',1684,1),
	(19469,'茂港区',1684,1),
	(19575,'埇桥区',1180,1),
	(19684,'宣州区',2971,1),
	(19783,'铜官山区',1114,1),
	(19784,'郊区',1114,1),
	(19785,'狮子山区',1114,1),
	(19786,'铜陵县',1114,1),
	(19827,'江城区',1672,1),
	(19828,'阳东县',1672,1),
	(19829,'云城区',1698,1),
	(19830,'罗定市',1698,1),
	(19915,'新立镇',134,1),
	(19916,'龙湖区',1611,1),
	(19917,'金平区',1611,1),
	(19918,'澄海区',1611,1),
	(19919,'潮阳区',1611,1),
	(19920,'潮南区',1611,1),
	(19921,'濠江区',1611,1),
	(19991,'湘桥区',1705,1),
	(19992,'潮安县',1705,1),
	(20051,'城区',1650,1),
	(20052,'陆丰市',1650,1),
	(20093,'榕城区',1709,1),
	(20094,'揭东县',1709,1),
	(20171,'元宝区',593,1),
	(20172,'振兴区',593,1),
	(20173,'振安区',593,1),
	(20174,'东港市',593,1),
	(20175,'凤城市',593,1),
	(20183,'鲅鱼圈区',609,1),
	(20348,'双塔区',632,1),
	(20524,'连山区',604,1),
	(20525,'兴城市',604,1),
	(20658,'海州区',617,1),
	(20659,'太平区',617,1),
	(20660,'细河区',617,1),
	(20661,'兴隆台区',613,1),
	(20662,'双台子区',613,1),
	(20817,'楚雄市',2336,1),
	(20818,'大理市',2347,1),
	(21033,'古城区',2304,1),
	(21034,'麒麟区',2247,1),
	(21035,'红花岗区',2155,1),
	(21036,'汇川区',2155,1),
	(21037,'云岩区',2144,1),
	(21038,'花溪区',2144,1),
	(21039,'小河区',2144,1),
	(21644,'麦积区',2501,1),
	(21645,'秦州区',2501,1),
	(21646,'七里河区',2487,1),
	(21647,'安宁区',2487,1),
	(21648,'城关区',2487,1),
	(21649,'兴庆区',2628,1),
	(21650,'金凤区',2628,1),
	(21651,'西夏区',2628,1),
	(21652,'城中区',2580,1),
	(21653,'城东区',2580,1),
	(21654,'城西区',2580,1),
	(21655,'城北区',2580,1),
	(22043,'莲都区',1280,1),
	(22044,'柯城区',1273,1),
	(22045,'衢江区',1273,1),
	(22046,'黄岩区',1290,1),
	(22047,'椒江区',1290,1),
	(22048,'路桥区',1290,1),
	(22049,'温岭市',1290,1),
	(22050,'玉环县',1290,1),
	(22463,'梅列区',1317,1),
	(22464,'三元区',1317,1),
	(22465,'延平区',1352,1),
	(22466,'秀英区',2121,1),
	(22467,'龙华区',2121,1),
	(22468,'琼山区',2121,1),
	(22469,'美兰区',2121,1),
	(22470,'河西区',3690,1),
	(22471,'河东区',3690,1),
	(22503,'南田农场',3690,1),
	(22504,'南新农场',3690,1),
	(22505,'南岛农场',3690,1),
	(22506,'立才农场',3690,1),
	(22507,'南滨农场',3690,1),
	(22846,'杨村镇、下朱庄内',51046,1),
	(22847,'其它地区',51046,1),
	(22848,'城关镇、马家店开发区、天宝工业园',51051,1),
	(22849,'其它地区',51051,1),
	(22850,'平桂管理区',1792,1),
	(22851,'海城区',1746,1),
	(22852,'银海区',1746,1),
	(22883,'秀峰区',1726,1),
	(22884,'叠彩区',1726,1),
	(22885,'七星区',1726,1),
	(22906,'鱼峰区',1720,1),
	(22907,'城中区',1720,1),
	(22908,'柳南区',1720,1),
	(22909,'柳北区',1720,1),
	(23037,'万秀区',1740,1),
	(23038,'蝶山区',1740,1),
	(23039,'长洲区',1740,1),
	(23040,'八步区',1792,1),
	(23282,'樊城区',1396,1),
	(23283,'襄城区',1396,1),
	(23284,'襄州区',1396,1),
	(23429,'茅箭区',1405,1),
	(23430,'张湾区',1405,1),
	(23585,'园林',2922,1),
	(23586,'杨市',2922,1),
	(23587,'周矶',2922,1),
	(23588,'广华',2922,1),
	(23589,'泰丰',2922,1),
	(23590,'竹根滩镇',2922,1),
	(23591,'高石碑镇',2922,1),
	(23592,'积玉口镇',2922,1),
	(23593,'渔洋镇',2922,1),
	(23594,'王场镇',2922,1),
	(23595,'熊口镇',2922,1),
	(23596,'老新镇',2922,1),
	(23597,'浩口镇',2922,1),
	(23598,'张金镇',2922,1),
	(23599,'龙湾镇',2922,1),
	(23600,'江汉石油管理局',2922,1),
	(23601,'潜江经济开发区',2922,1),
	(23602,'西大垸管理区',2922,1),
	(23603,'运粮湖管理区',2922,1),
	(23604,'周矶管理区',2922,1),
	(23605,'后湖管理区',2922,1),
	(23606,'熊口管理区',2922,1),
	(23607,'总口管理区',2922,1),
	(23608,'高场原种场',2922,1),
	(23609,'浩口原种场',2922,1),
	(23610,'松柏镇',3154,1),
	(23611,'阳日镇',3154,1),
	(23612,'木鱼镇',3154,1),
	(23613,'红坪镇',3154,1),
	(23614,'新华镇',3154,1),
	(23615,'宋洛乡',3154,1),
	(23616,'九湖乡',3154,1),
	(23617,'下谷坪乡',3154,1),
	(23618,'侨乡街道开发区',2980,1),
	(23619,'竟陵街道',2980,1),
	(23620,'杨林街道',2980,1),
	(23621,'佛子山镇',2980,1),
	(23622,'多宝镇',2980,1),
	(23623,'拖市镇',2980,1),
	(23624,'张港镇',2980,1),
	(23625,'蒋场镇',2980,1),
	(23626,'汪场镇',2980,1),
	(23627,'渔薪镇',2980,1),
	(23628,'黄潭镇',2980,1),
	(23629,'岳口镇',2980,1),
	(23630,'横林镇',2980,1),
	(23631,'彭市镇',2980,1),
	(23632,'麻洋镇',2980,1),
	(23633,'多祥镇',2980,1),
	(23634,'干驿镇',2980,1),
	(23635,'马湾镇',2980,1),
	(23636,'卢市镇',2980,1),
	(23637,'小板镇',2980,1),
	(23638,'九真镇',2980,1),
	(23639,'皂市镇',2980,1),
	(23640,'胡市镇',2980,1),
	(23641,'石河镇',2980,1),
	(23642,'净潭乡',2980,1),
	(23643,'蒋湖农场',2980,1),
	(23644,'白茅湖农场',2980,1),
	(23645,'沉湖管委会',2980,1),
	(23646,'龙华山街道',2983,1),
	(23647,'沙嘴街道',2983,1),
	(23648,'干河街道',2983,1),
	(23649,'郑场镇',2983,1),
	(23650,'毛嘴镇',2983,1),
	(23651,'豆河镇',2983,1),
	(23652,'三伏潭镇',2983,1),
	(23653,'胡场镇',2983,1),
	(23654,'长埫口镇',2983,1),
	(23655,'西流河镇',2983,1),
	(23656,'沙湖镇',2983,1),
	(23657,'杨林尾镇',2983,1),
	(23658,'彭场镇',2983,1),
	(23659,'张沟镇',2983,1),
	(23660,'郭河镇',2983,1),
	(23661,'沔城镇',2983,1),
	(23662,'通海口镇',2983,1),
	(23663,'陈场镇',2983,1),
	(23664,'工业园区',2983,1),
	(23665,'九合垸原种场',2983,1),
	(23666,'沙湖原种场',2983,1),
	(23667,'排湖渔场',2983,1),
	(23668,'五湖渔场',2983,1),
	(23669,'赵西垸林场',2983,1),
	(23670,'刘家垸林场',2983,1),
	(23671,'畜禽良种场',2983,1),
	(23672,'汉沽区街里、汉沽开发区',51048,1),
	(23673,'其它地区',51048,1),
	(23674,'芦台镇、经济开发区、贸易开发区',51052,1),
	(23675,'其它地区',51052,1),
	(23678,'经济技术开发区',1845,1),
	(23679,'八里湖新区',1845,1),
	(23680,'庐山风景名胜区',1845,1),
	(23681,'射阳县',939,1),
	(23682,'亭湖区',939,1),
	(23683,'盐都区',939,1),
	(23684,'海州区',919,1),
	(23685,'新浦区',919,1),
	(23686,'鼓楼区',911,1),
	(23687,'邳州市',911,1),
	(23688,'泉山区',911,1),
	(23689,'新沂市',911,1),
	(23690,'云龙区',911,1),
	(24069,'昌邑区',644,1),
	(24070,'龙潭区',644,1),
	(24071,'船营区',644,1),
	(24072,'丰满区',644,1),
	(24073,'延吉市',687,1),
	(24074,'浑江区',664,1),
	(24075,'宁江区',674,1),
	(24076,'前郭县',674,1),
	(24463,'观山湖区',2144,1),
	(24946,'临川区',1885,1),
	(24947,'昌江区',1832,1),
	(25188,'玉州区',1761,1),
	(25189,'钦南区',1753,1),
	(25190,'防城区',1749,1),
	(25191,'港口区',1749,1),
	(25192,'港南区',1757,1),
	(25193,'港北区',1757,1),
	(25481,'庐山区',1845,1),
	(25482,'浔阳区',1845,1),
	(25704,'咸水沽镇、海河教育园，海河科技园',51047,1),
	(25708,'全境',51044,1),
	(25711,'其它地区',51045,1),
	(25712,'杨柳青,中北,精武,大寺镇,环外海泰及外环内',51045,1),
	(25713,'邹城市',2900,1),
	(25714,'市中区',2900,1),
	(25715,'曲阜市',2900,1),
	(25728,'高新区',2900,1),
	(25877,'北海新区',1090,1),
	(25878,'滨城区',1090,1),
	(25879,'齐河县',1060,1),
	(25880,'东昌府区',1081,1),
	(26449,'信州区',1861,1),
	(26450,'上饶县',1861,1),
	(26451,'章贡区',1911,1),
	(26452,'袁州区',1874,1),
	(26453,'青原区',1898,1),
	(26454,'吉州区',1898,1),
	(26455,'渝水区',1842,1),
	(27497,'呈贡区',2235,1),
	(27498,'汶川县',2070,1),
	(27499,'利州区',1977,1),
	(27500,'西昌市',2103,1),
	(27502,'东区',1950,1),
	(28920,'东港区',1108,1),
	(28921,'潍城区',1032,1),
	(28922,'奎文区',1032,1),
	(28923,'高新区',1032,1),
	(28924,'寒亭区',1032,1),
	(28925,'寿光市',1032,1),
	(28926,'环翠区',1053,1),
	(28928,'荣成市',1053,1),
	(28929,'文登市',1053,1),
	(28930,'兰山区',1072,1),
	(28931,'河东区',1072,1),
	(28932,'滕州市',1022,1),
	(29444,'天元区',1488,1),
	(29445,'石峰区',1488,1),
	(29446,'芦淞区',1488,1),
	(29447,'荷塘区',1488,1),
	(29448,'雨湖区',1495,1),
	(29449,'岳塘区',1495,1),
	(29450,'蒸湘区',1501,1),
	(29451,'石鼓区',1501,1),
	(29452,'珠晖区',1501,1),
	(29453,'雁峰区',1501,1),
	(29454,'冷水滩区',1560,1),
	(29455,'鹤城区',1574,1),
	(29456,'娄星区',1586,1),
	(29457,'大祥区',1511,1),
	(29458,'双清区',1511,1),
	(29459,'北塔区',1511,1),
	(29460,'岳阳楼区',1522,1),
	(29461,'鼎城区',1530,1),
	(29462,'武陵区',1530,1),
	(29463,'赫山区',1555,1),
	(29464,'资阳区',1555,1),
	(29465,'北湖区',1544,1),
	(29466,'苏仙区',1544,1),
	(31523,'宝塔区',2428,1),
	(31680,'榆阳区',2454,1),
	(31864,'汉台区',2442,1),
	(32060,'坪山镇',139,1),
	(32061,'城区',309,1),
	(32206,'尧都区',379,1),
	(32360,'盐湖区',398,1),
	(32505,'城区',3074,1),
	(32652,'回民区',799,1),
	(32653,'新城区',799,1),
	(32769,'科尔沁区',902,1),
	(32937,'红山区',812,1),
	(33163,'鸡冠区',737,1),
	(33269,'前进区',765,1),
	(33270,'向阳区',765,1),
	(33271,'东风区',765,1),
	(33272,'郊区',765,1),
	(33404,'建华区',712,1),
	(33405,'龙沙区',712,1),
	(33406,'铁锋区',712,1),
	(34049,'丛台区',148,1),
	(34050,'邯山区',148,1),
	(34051,'复兴区',148,1),
	(34052,'武安市',148,1),
	(34298,'桥西区',224,1),
	(34299,'桥东区',224,1),
	(34544,'五环到六环之间',2805,1),
	(34545,'六环之外',2805,1),
	(34548,'平桥区',549,1),
	(34549,'浉河区',549,1),
	(34751,'睢阳区',517,1),
	(34752,'梁园区',517,1),
	(34926,'东新区',527,1),
	(34927,'经济开发区',527,1),
	(35108,'川汇区',527,1),
	(35173,'玉泉街道',2780,1),
	(35174,'北海街道',2780,1),
	(35175,'天坛街道',2780,1),
	(35176,'沁园街道',2780,1),
	(35177,'济水街道',2780,1),
	(35178,'五龙口镇',2780,1),
	(35179,'下冶镇',2780,1),
	(35180,'轵城镇',2780,1),
	(35181,'王屋镇',2780,1),
	(35182,'思礼镇',2780,1),
	(35183,'邵原镇',2780,1),
	(35184,'坡头镇',2780,1),
	(35185,'梨林镇',2780,1),
	(35186,'克井镇',2780,1),
	(35187,'大峪镇',2780,1),
	(35188,'承留镇',2780,1),
	(35189,'驿城区',538,1),
	(35470,'龙安区',468,1),
	(35471,'殷都区',468,1),
	(35472,'文峰区',468,1),
	(35473,'开发区',468,1),
	(35474,'北关区',468,1),
	(35591,'淇滨区',454,1),
	(35637,'湖滨区',495,1),
	(35751,'卧龙区',502,1),
	(35752,'宛城区',502,1),
	(35965,'湛河区',438,1),
	(35966,'卫东区',438,1),
	(35967,'新华区',438,1),
	(36102,'东城区',1655,1),
	(36157,'全境',51042,1),
	(36167,'外环外双街镇，河北工大新校，屈店工业园',51050,1),
	(36168,'外环外其它地区',51050,1),
	(36171,'双港，辛庄',51047,1),
	(36172,'其他地区',51047,1),
	(36173,'肥西县',1116,1),
	(36174,'惠阳区',1643,1),
	(36175,'大亚湾区',1643,1),
	(36176,'惠城区',1643,1),
	(36177,'惠东县',1643,1),
	(36178,'博罗县',1643,1),
	(36264,'禅城区',1666,1),
	(36265,'高明区',1666,1),
	(36266,'三水区',1666,1),
	(36267,'南海区',1666,1),
	(36315,'翠屏区',2005,1),
	(36560,'清河区',925,1),
	(36561,'淮阴区',925,1),
	(36562,'清浦区',925,1),
	(36563,'涟水县',925,1),
	(36684,'天山区',2652,1),
	(36685,'新市区',2652,1),
	(36686,'沙依巴克区',2652,1),
	(36687,'水磨沟区',2652,1),
	(36780,'小店区',303,1),
	(36781,'迎泽区',303,1),
	(36782,'晋源区',303,1),
	(36783,'万柏林区',303,1),
	(36784,'尖草坪区',303,1),
	(36785,'杏花岭区',303,1),
	(36884,'东营区',1025,1),
	(36936,'南部县',2022,1),
	(36953,'番禺区',1601,1),
	(36983,'市中区',1993,1),
	(36984,'峨眉山市',1993,1),
	(37258,'台山市',1659,1),
	(37259,'新会区',1659,1),
	(37260,'鹤山市',1659,1),
	(37261,'江海区',1659,1),
	(37262,'蓬江区',1659,1),
	(37263,'开平市',1659,1),
	(37264,'恩平市',1659,1),
	(37371,'马村区',446,1),
	(37372,'中站区',446,1),
	(37456,'牧野区',458,1),
	(37457,'红旗区',458,1),
	(37458,'卫滨区',458,1),
	(37581,'铁西区',579,1),
	(37582,'千山区',579,1),
	(37734,'清城区',1704,1),
	(37735,'英德市',1704,1),
	(37864,'源城区',1627,1),
	(37865,'东源县',1627,1),
	(37916,'即墨市',1007,1),
	(37917,'城阳区',1007,1),
	(37918,'崂山区',1007,1),
	(37919,'胶州市',1007,1),
	(37920,'平度市',1007,1),
	(38094,'临渭区',2416,1),
	(38251,'东河区',805,1),
	(38252,'九原区',805,1),
	(38253,'青山区',805,1),
	(38254,'昆都仑区',805,1),
	(38364,'如皋市',965,1),
	(38365,'海门市',965,1),
	(38366,'启东市',965,1),
	(38517,'丹阳市',972,1),
	(38518,'句容市',972,1),
	(38573,'江油市',1960,1),
	(38574,'涪城区',1960,1),
	(38575,'游仙区',1960,1),
	(38576,'高新区',1960,1),
	(38577,'经开区',1960,1),
	(38617,'东区街道',1657,1),
	(38618,'西区街道',1657,1),
	(38619,'南区街道',1657,1),
	(38620,'石岐区街道',1657,1),
	(38630,'朝阳区',639,1),
	(38631,'南关区',639,1),
	(38632,'宽城区',639,1),
	(38633,'二道区',639,1),
	(38634,'绿园区',639,1),
	(38635,'净月区',639,1),
	(38636,'汽车产业开发区',639,1),
	(38637,'高新技术开发区',639,1),
	(38638,'经济技术开发区',639,1),
	(39010,'广汉市',1962,1),
	(39011,'什邡市',1962,1),
	(39012,'旌阳区',1962,1),
	(39013,'绵竹市',1962,1),
	(39014,'江阳区',1954,1),
	(39015,'龙马潭区',1954,1),
	(39461,'黄江镇',1655,1),
	(39462,'虎门镇',1655,1),
	(39620,'全境',51035,1),
	(39628,'吴江区',988,1),
	(39653,'沙朗镇',1657,1),
	(39680,'县城内',115,1),
	(39688,'县城内',123,1),
	(39692,'县城内',129,1),
	(39694,'县城内',130,1),
	(39698,'县城内',131,1),
	(39699,'县城内',132,1),
	(39701,'县城内',133,1),
	(39702,'县城内',134,1),
	(39704,'县城内',135,1),
	(39706,'县城内',136,1),
	(39710,'县城内',137,1),
	(39711,'县城内',138,1),
	(39712,'县城内',139,1),
	(39714,'县城内',140,1),
	(39716,'县城内',141,1),
	(39717,'县城内',4164,1),
	(39723,'四会市',1690,1),
	(39725,'高要市',1690,1),
	(39884,'城区',3701,1),
	(39886,'城区',3702,1),
	(39887,'城区',3703,1),
	(39889,'县城内',3704,1),
	(39890,'城区',3705,1),
	(39892,'城区',3706,1),
	(39893,'城区',3707,1),
	(39895,'城区',3708,1),
	(39897,'城区',3710,1),
	(40034,'吴中区',988,1),
	(40035,'滨湖区',984,1),
	(40152,'龙岗区',1607,1),
	(40174,'姜堰市',959,1),
	(40488,'历城区',1000,1),
	(40489,'天桥区',1000,1),
	(40490,'槐荫区',1000,1),
	(40491,'历下区',1000,1),
	(40492,'市中区',1000,1),
	(40493,'章丘市',1000,1),
	(40649,'宿迁经济开发区',933,1),
	(40650,'陈仓区',2390,1),
	(40846,'青山湖区',1827,1),
	(40847,'红谷滩新区',1827,1),
	(41028,'雨城区',2047,1),
	(41029,'东坡区',2058,1),
	(41341,'本溪县',589,1),
	(41342,'平山区',589,1),
	(41343,'溪湖区',589,1),
	(41344,'明山区',589,1),
	(41497,'路北区',258,1),
	(41499,'路南区',258,1),
	(41500,'迁安市',258,1),
	(41502,'丰润区',258,1),
	(41510,'桃城区',275,1),
	(41653,'斗门区',1609,1),
	(41654,'金湾区',1609,1),
	(41655,'香洲区',1609,1),
	(41907,'鄂城区',1475,1),
	(41908,'黄州区',1441,1),
	(41909,'蕲春县',1441,1),
	(41910,'麻城市',1441,1),
	(41911,'武穴市',1441,1),
	(41912,'浠水县',1441,1),
	(42218,'仪征市',951,1),
	(42219,'高邮市',951,1),
	(42220,'江都区',951,1),
	(42321,'瑞安市',1233,1),
	(42322,'乐清市',1233,1),
	(42323,'鹿城区',1233,1),
	(42324,'瓯海区',1233,1),
	(42325,'永嘉县',1233,1),
	(42540,'藁城市',142,1),
	(42541,'鹿泉市',142,1),
	(42542,'正定县',142,1),
	(42543,'新华区',142,1),
	(42544,'桥西区',142,1),
	(42545,'桥东区',142,1),
	(42546,'裕华区',142,1),
	(42547,'长安区',142,1),
	(42565,'普陀区',1298,1),
	(42566,'定海区',1298,1),
	(42930,'鲤城区',1332,1),
	(42931,'丰泽区',1332,1),
	(42932,'晋江市',1332,1),
	(43114,'良庆区',1715,1),
	(43115,'江南区',1715,1),
	(43116,'兴宁区',1715,1),
	(43117,'青秀区',1715,1),
	(43118,'西乡塘区',1715,1),
	(43224,'大安区',1946,1),
	(43225,'贡井区',1946,1),
	(43226,'顺庆区',2022,1),
	(43227,'高坪区',2022,1),
	(43228,'嘉陵区',2022,1),
	(43229,'西充县',2022,1),
	(43230,'阆中市',2022,1),
	(43272,'下陆区',1387,1),
	(43273,'西塞山区',1387,1),
	(43291,'经济技术开发区',1387,1),
	(43387,'咸安区',1458,1),
	(43388,'赤壁市',1458,1),
	(43963,'白塔区',621,1),
	(43964,'文圣区',621,1),
	(43965,'灯塔市',621,1),
	(44027,'调兵山市',6858,1),
	(44144,'城区',318,1),
	(44145,'榆次区',336,1),
	(44188,'越城区',1255,1),
	(44189,'吴兴区',1250,1),
	(44319,'新罗区',1362,1),
	(44320,'秦都区',2402,1),
	(44321,'渭城区',2402,1),
	(44342,'简阳市',2065,1),
	(44514,'杨陵区',2402,1),
	(45215,'孝南区',1432,1),
	(45216,'应城市',1432,1),
	(45217,'安陆市',1432,1),
	(45531,'伊滨区',427,1),
	(45532,'洛龙区',427,1),
	(45533,'金明区',420,1),
	(45534,'龙亭区',420,1),
	(45535,'顺河区',420,1),
	(45536,'鼓楼区',420,1),
	(45537,'禹王台区',420,1),
	(45814,'呼兰区',698,1),
	(45815,'松北区',698,1),
	(45816,'道里区',698,1),
	(45817,'南岗区',698,1),
	(45818,'道外区',698,1),
	(45819,'香坊区',698,1),
	(45820,'平房区',698,1),
	(46145,'蕉城区',1370,1),
	(46146,'城厢区',1329,1),
	(46147,'荔城区',1329,1),
	(46164,'东侨开发区',1370,1),
	(46341,'北仑区',1158,1),
	(46342,'镇海区',1158,1),
	(46343,'鄞州区',1158,1),
	(46344,'江北区',1158,1),
	(46345,'余姚市',1158,1),
	(46504,'福山区',1042,1),
	(46505,'牟平区',1042,1),
	(46506,'龙口市',1042,1),
	(46507,'莱州市',1042,1),
	(46665,'岱岳区',1112,1),
	(46666,'泰山区',1112,1),
	(46667,'肥城市',1112,1),
	(46668,'新泰市',1112,1),
	(46763,'海沧区',1315,1),
	(46764,'集美区',1315,1),
	(46765,'同安区',1315,1),
	(46820,'新郑市',412,1),
	(46821,'巩义市',412,1),
	(46822,'荥阳市',412,1),
	(46823,'中牟县',412,1),
	(46824,'金州区',573,1),
	(46825,'旅顺口区',573,1),
	(47166,'张店区',1016,1),
	(47213,'涿州市',199,1),
	(47214,'定州市',199,1),
	(47215,'徐水县',199,1),
	(47216,'高碑店市',199,1),
	(47300,'经济开发区',412,1),
	(47301,'高新技术开发区',412,1),
	(47387,'盐田区',1607,1),
	(47388,'龙华新区',1607,1),
	(47712,'桥西区',164,1),
	(47713,'桥东区',164,1),
	(47821,'昆山市',988,1),
	(48134,'县城内',48133,1),
	(48135,'巴川街道',48133,1),
	(48136,'东城街道',48133,1),
	(48137,'南城街道',48133,1),
	(48138,'土桥镇',48133,1),
	(48139,'二坪镇',48133,1),
	(48140,'水口镇',48133,1),
	(48141,'安居镇',48133,1),
	(48142,'白羊镇',48133,1),
	(48143,'平滩镇',48133,1),
	(48144,'石鱼镇',48133,1),
	(48145,'福果镇',48133,1),
	(48146,'维新镇',48133,1),
	(48147,'高楼镇',48133,1),
	(48148,'大庙镇',48133,1),
	(48149,'围龙镇',48133,1),
	(48150,'华兴镇',48133,1),
	(48151,'永嘉镇',48133,1),
	(48152,'安溪镇',48133,1),
	(48153,'西河镇',48133,1),
	(48154,'太平镇',48133,1),
	(48155,'旧县镇',48133,1),
	(48156,'虎峰镇',48133,1),
	(48157,'少云镇',48133,1),
	(48158,'蒲吕镇',48133,1),
	(48159,'侣俸镇',48133,1),
	(48160,'小林乡',48133,1),
	(48161,'双山乡',48133,1),
	(48162,'庆隆乡',48133,1),
	(48163,'县城内',48132,1),
	(48164,'昌元街道',48132,1),
	(48165,'昌洲街道',48132,1),
	(48166,'广顺街道',48132,1),
	(48167,'安富街道',48132,1),
	(48168,'峰高街道',48132,1),
	(48169,'双河街道',48132,1),
	(48170,'直升镇',48132,1),
	(48171,'路孔镇',48132,1),
	(48172,'清江镇',48132,1),
	(48173,'仁义镇',48132,1),
	(48174,'河包镇',48132,1),
	(48175,'古昌镇',48132,1),
	(48176,'吴家镇',48132,1),
	(48177,'观胜镇',48132,1),
	(48178,'铜鼓镇',48132,1),
	(48179,'清流镇',48132,1),
	(48180,'盘龙镇',48132,1),
	(48181,'远觉镇',48132,1),
	(48182,'清升镇',48132,1),
	(48183,'荣隆镇',48132,1),
	(48184,'龙集镇',48132,1),
	(48185,'县城内',48131,1),
	(48186,'璧城街道',48131,1),
	(48187,'璧泉街道',48131,1),
	(48188,'青杠街道',48131,1),
	(48189,'来凤街道',48131,1),
	(48190,'丁家街道',48131,1),
	(48191,'大路街道',48131,1),
	(48192,'八塘镇',48131,1),
	(48193,'七塘镇',48131,1),
	(48194,'河边镇',48131,1),
	(48195,'福禄镇',48131,1),
	(48196,'大兴镇',48131,1),
	(48197,'正兴镇',48131,1),
	(48198,'广普镇',48131,1),
	(48199,'三合镇',48131,1),
	(48200,'健龙镇',48131,1),
	(48209,'几江街道',48204,1),
	(48210,'德感街道',48204,1),
	(48211,'鼎山街道',48204,1),
	(48212,'双福街道',48204,1),
	(48213,'四面山镇',48204,1),
	(48214,'支坪镇',48204,1),
	(48215,'白沙镇',48204,1),
	(48216,'珞璜镇',48204,1),
	(48217,'柏林镇',48204,1),
	(48218,'蔡家镇',48204,1),
	(48219,'慈云镇',48204,1),
	(48220,'杜市镇',48204,1),
	(48221,'广兴镇',48204,1),
	(48222,'嘉平镇',48204,1),
	(48223,'贾嗣镇',48204,1),
	(48224,'李市镇',48204,1),
	(48225,'龙华镇',48204,1),
	(48226,'石蟆镇',48204,1),
	(48227,'石门镇',48204,1),
	(48228,'塘河镇',48204,1),
	(48229,'吴滩镇',48204,1),
	(48230,'西湖镇',48204,1),
	(48231,'夏坝镇',48204,1),
	(48232,'先锋镇',48204,1),
	(48233,'永兴镇',48204,1),
	(48234,'油溪镇',48204,1),
	(48235,'中山镇',48204,1),
	(48236,'朱杨镇',48204,1),
	(48237,'北温泉街道',48203,1),
	(48238,'龙凤桥街道',48203,1),
	(48239,'天生街道',48203,1),
	(48240,'东阳街道',48203,1),
	(48241,'朝阳街道',48203,1),
	(48242,'蔡家岗镇',48203,1),
	(48243,'童家溪镇',48203,1),
	(48244,'施家梁镇',48203,1),
	(48245,'金刀峡镇',48203,1),
	(48246,'澄江镇',48203,1),
	(48247,'水土镇',48203,1),
	(48248,'歇马镇',48203,1),
	(48249,'天府镇',48203,1),
	(48250,'复兴镇',48203,1),
	(48251,'静观镇',48203,1),
	(48252,'柳荫镇',48203,1),
	(48253,'三圣镇',48203,1),
	(48254,'中山路街道',48207,1),
	(48255,'胜利路街道',48207,1),
	(48256,'南大街街道',48207,1),
	(48257,'卫星湖街道',48207,1),
	(48258,'茶山竹海街道',48207,1),
	(48259,'大安街道',48207,1),
	(48260,'陈食街道',48207,1),
	(48261,'板桥镇',48207,1),
	(48262,'宝峰镇',48207,1),
	(48263,'临江镇',48207,1),
	(48264,'红炉镇',48207,1),
	(48265,'吉安镇',48207,1),
	(48266,'金龙镇',48207,1),
	(48267,'来苏镇',48207,1),
	(48268,'青峰镇',48207,1),
	(48269,'三教镇',48207,1),
	(48270,'双石镇',48207,1),
	(48271,'松溉镇',48207,1),
	(48272,'五间镇',48207,1),
	(48273,'仙龙镇',48207,1),
	(48274,'永荣镇',48207,1),
	(48275,'朱沱镇',48207,1),
	(48276,'何埂镇',48207,1),
	(48277,'凤城街道',48206,1),
	(48278,'晏家街道',48206,1),
	(48279,'渡舟街道',48206,1),
	(48280,'江南街道',48206,1),
	(48281,'长寿湖镇',48206,1),
	(48282,'邻封镇',48206,1),
	(48283,'但渡镇',48206,1),
	(48284,'云集镇',48206,1),
	(48285,'双龙镇',48206,1),
	(48286,'龙河镇',48206,1),
	(48287,'石堰镇',48206,1),
	(48288,'云台镇',48206,1),
	(48289,'海棠镇',48206,1),
	(48290,'葛兰镇',48206,1),
	(48291,'新市镇',48206,1),
	(48292,'八颗镇',48206,1),
	(48293,'洪湖镇',48206,1),
	(48294,'万顺镇',48206,1),
	(48295,'南津街道',48201,1),
	(48296,'合阳城街道',48201,1),
	(48297,'钓鱼城街道',48201,1),
	(48298,'草街街道',48201,1),
	(48299,'盐井街道',48201,1),
	(48300,'云门街道',48201,1),
	(48301,'大石街道',48201,1),
	(48302,'沙鱼镇',48201,1),
	(48303,'官渡镇',48201,1),
	(48304,'涞滩镇',48201,1),
	(48305,'肖家镇',48201,1),
	(48306,'古楼镇',48201,1),
	(48307,'三庙镇',48201,1),
	(48308,'二郎镇',48201,1),
	(48309,'龙凤镇',48201,1),
	(48310,'隆兴镇',48201,1),
	(48311,'铜溪镇',48201,1),
	(48312,'双凤镇',48201,1),
	(48313,'狮滩镇',48201,1),
	(48314,'清平镇',48201,1),
	(48315,'土场镇',48201,1),
	(48316,'小沔镇',48201,1),
	(48317,'三汇镇',48201,1),
	(48318,'香龙镇',48201,1),
	(48319,'钱塘镇',48201,1),
	(48320,'龙市镇',48201,1),
	(48321,'燕窝镇',48201,1),
	(48322,'太和镇',48201,1),
	(48323,'渭沱镇',48201,1),
	(48324,'双槐镇',48201,1),
	(48325,'双凤桥街道',48205,1),
	(48326,'双龙湖街道',48205,1),
	(48327,'大竹林街道',48205,1),
	(48328,'天宫殿街道',48205,1),
	(48329,'翠云街道',48205,1),
	(48330,'人和街道',48205,1),
	(48331,'鸳鸯街道',48205,1),
	(48332,'礼嘉街道',48205,1),
	(48333,'回兴街道',48205,1),
	(48334,'龙山街道',48205,1),
	(48335,'龙塔街道',48205,1),
	(48336,'龙溪街道',48205,1),
	(48337,'两路街道',48205,1),
	(48338,'王家街道',48205,1),
	(48339,'悦来街道',48205,1),
	(48340,'玉峰山镇',48205,1),
	(48341,'茨竹镇',48205,1),
	(48342,'大盛镇',48205,1),
	(48343,'大塆镇',48205,1),
	(48344,'古路镇',48205,1),
	(48345,'龙兴镇',48205,1),
	(48346,'洛碛镇',48205,1),
	(48347,'木耳镇',48205,1),
	(48348,'石船镇',48205,1),
	(48349,'统景镇',48205,1),
	(48350,'兴隆镇',48205,1),
	(48351,'鱼洞街道',48202,1),
	(48352,'花溪街道',48202,1),
	(48353,'龙洲湾街道',48202,1),
	(48354,'李家沱街道',48202,1),
	(48355,'南泉街道',48202,1),
	(48356,'一品街道',48202,1),
	(48357,'南彭街道',48202,1),
	(48358,'惠民街道',48202,1),
	(48359,'麻柳嘴镇',48202,1),
	(48360,'天星寺镇',48202,1),
	(48361,'双河口镇',48202,1),
	(48362,'界石镇',48202,1),
	(48363,'安澜镇',48202,1),
	(48364,'跳石镇',48202,1),
	(48365,'木洞镇',48202,1),
	(48366,'丰盛镇',48202,1),
	(48367,'二圣镇',48202,1),
	(48368,'东泉镇',48202,1),
	(48369,'姜家镇',48202,1),
	(48370,'接龙镇',48202,1),
	(48371,'石滩镇',48202,1),
	(48372,'石龙镇',48202,1),
	(48377,'海港区',248,1),
	(48378,'山海关区',248,1),
	(48379,'双桥区',239,1),
	(48712,'晋安区',1303,1),
	(48713,'仓山区',1303,1),
	(48714,'马尾区',1303,1),
	(48715,'福清市',1303,1),
	(48716,'闽侯县',1303,1),
	(48936,'岳麓区',1482,1),
	(48937,'雨花区',1482,1),
	(48938,'开福区',1482,1),
	(48939,'天心区',1482,1),
	(48941,'浏阳市',1482,1),
	(48942,'长沙县',1482,1),
	(48943,'宁乡县',1482,1),
	(49137,'鸠江区',1127,1),
	(49138,'三山区',1127,1),
	(49253,'花山区',1137,1),
	(49254,'雨山区',1137,1),
	(49314,'新都区',1930,1),
	(49315,'温江区',1930,1),
	(49316,'龙泉驿区',1930,1),
	(49317,'青白江区',1930,1),
	(49318,'彭州市',1930,1),
	(49319,'崇州市',1930,1),
	(49320,'邛崃市',1930,1),
	(49321,'都江堰市',1930,1),
	(49322,'郫县',1930,1),
	(49323,'新津县',1930,1),
	(49324,'双流县',1930,1),
	(49325,'大邑县',1930,1),
	(49326,'蒲江县',1930,1),
	(49327,'金堂县',1930,1),
	(49576,'运河区',264,1),
	(49577,'新华区',264,1),
	(49578,'任丘市',264,1),
	(49579,'黄骅市',264,1),
	(49707,'三河市',274,1),
	(49708,'霸州市',274,1),
	(49709,'巢湖市',1116,1),
	(49710,'长丰县',1116,1),
	(49711,'临安市',1213,1),
	(50230,'未央区',2376,1),
	(50231,'长安区',2376,1),
	(50232,'灞桥区',2376,1),
	(50233,'碑林区',2376,1),
	(50235,'莲湖区',2376,1),
	(50236,'临潼区',2376,1),
	(50237,'阎良区',2376,1),
	(50238,'杨凌农业示范区',2376,1),
	(50256,'花都区',1601,1),
	(50257,'萝岗区',1601,1),
	(50258,'白云区',1601,1),
	(50259,'南沙区',1601,1),
	(50283,'黄埔区',1601,1),
	(50284,'增城市',1601,1),
	(50285,'从化市',1601,1),
	(50647,'浦口区',904,1),
	(50712,'蔡甸区',1381,1),
	(50713,'江夏区',1381,1),
	(50714,'新洲区',1381,1),
	(50715,'黄陂区',1381,1),
	(50716,'汉阳区',1381,1),
	(50717,'青山区',1381,1),
	(50718,'洪山区',1381,1),
	(50719,'汉南区',1381,1),
	(50720,'东西湖区',1381,1),
	(50779,'堡镇',2919,1),
	(50780,'庙镇',2919,1),
	(50781,'陈家镇',2919,1),
	(50782,'城桥镇',2919,1),
	(50783,'东平镇',2919,1),
	(50784,'港西镇',2919,1),
	(50785,'港沿镇',2919,1),
	(50786,'建设镇',2919,1),
	(50787,'绿华镇',2919,1),
	(50788,'三星镇',2919,1),
	(50789,'竖新镇',2919,1),
	(50790,'向化镇',2919,1),
	(50791,'新海镇',2919,1),
	(50792,'新河镇',2919,1),
	(50793,'中兴镇',2919,1),
	(50794,'长兴乡',2919,1),
	(50795,'横沙乡',2919,1),
	(50796,'新村乡',2919,1),
	(50819,'皇姑区',560,1),
	(50820,'铁西区',560,1),
	(50821,'大东区',560,1),
	(50822,'沈河区',560,1),
	(50823,'东陵区',560,1),
	(50824,'于洪区',560,1),
	(50825,'和平区',560,1),
	(50826,'浑南新区',560,1),
	(50827,'沈北新区',560,1),
	(50828,'道义开发区',560,1),
	(50944,'青羊区',1930,1),
	(50945,'锦江区',1930,1),
	(50946,'金牛区',1930,1),
	(50947,'武侯区',1930,1),
	(50948,'成华区',1930,1),
	(50949,'高新区',1930,1),
	(50955,'全境',51028,1),
	(50956,'全境',51027,1),
	(50957,'寸滩街道',50950,1),
	(50958,'郭家沱街道',50950,1),
	(50959,'铁山坪街道',50950,1),
	(50960,'鱼嘴镇',50950,1),
	(50961,'复盛镇',50950,1),
	(50962,'五宝镇',50950,1),
	(50963,'茶园新区',50951,1),
	(50964,'鸡冠石镇',50951,1),
	(50965,'长生桥镇',50951,1),
	(50966,'峡口镇',50951,1),
	(50967,'广阳镇',50951,1),
	(50968,'迎龙镇',50951,1),
	(50969,'白市驿镇',50952,1),
	(50970,'铜罐驿镇',50952,1),
	(50971,'华岩镇',50952,1),
	(50972,'巴福镇',50952,1),
	(50973,'含谷镇',50952,1),
	(50974,'金凤镇',50952,1),
	(50975,'石板镇',50952,1),
	(50976,'陶家镇',50952,1),
	(50977,'西彭镇',50952,1),
	(50978,'走马镇',50952,1),
	(50979,'内环以内',50953,1),
	(50980,'陈家桥镇',50953,1),
	(50981,'歌乐山镇',50953,1),
	(50982,'青木关镇',50953,1),
	(50983,'回龙坝镇',50953,1),
	(50984,'大学城',50953,1),
	(50985,'虎溪镇',50953,1),
	(50986,'西永镇',50953,1),
	(50987,'土主镇',50953,1),
	(50988,'井口镇',50953,1),
	(50989,'曾家镇',50953,1),
	(50990,'凤凰镇',50953,1),
	(50991,'中梁镇',50953,1),
	(50992,'茄子溪街道',50954,1),
	(50993,'建胜镇',50954,1),
	(50994,'跳磴镇',50954,1),
	(50996,'古南街道',50995,1),
	(50997,'文龙街道',50995,1),
	(50998,'万盛街道',50995,1),
	(50999,'东林街道',50995,1),
	(51000,'三江街道',50995,1),
	(51001,'安稳镇',50995,1),
	(51002,'打通镇',50995,1),
	(51003,'丁山镇',50995,1),
	(51004,'东溪镇',50995,1),
	(51005,'扶欢镇',50995,1),
	(51006,'赶水镇',50995,1),
	(51007,'郭扶镇',50995,1),
	(51008,'横山镇',50995,1),
	(51009,'隆盛镇',50995,1),
	(51010,'三角镇',50995,1),
	(51011,'石壕镇',50995,1),
	(51012,'石角镇',50995,1),
	(51013,'新盛镇',50995,1),
	(51014,'永城镇',50995,1),
	(51015,'永新镇',50995,1),
	(51016,'中峰镇',50995,1),
	(51017,'篆塘镇',50995,1),
	(51018,'丛林镇',50995,1),
	(51019,'关坝镇',50995,1),
	(51020,'黑山镇',50995,1),
	(51021,'金桥镇',50995,1),
	(51022,'南桐镇',50995,1),
	(51023,'青年镇',50995,1),
	(51024,'石林镇',50995,1),
	(51025,'万东镇',50995,1),
	(51029,'开发区',1042,1),
	(51081,'亦庄经济开发区',2810,1),
	(51091,'广州大学城',1601,1),
	(51125,'北石槽镇',2812,1),
	(51126,'北务镇',2812,1),
	(51127,'北小营镇',2812,1),
	(51128,'大孙各庄镇',2812,1),
	(51129,'高丽营镇',2812,1),
	(51130,'光明街道',2812,1),
	(51131,'后沙峪地区',2812,1),
	(51132,'空港街道',2812,1),
	(51133,'李桥镇',2812,1),
	(51134,'李遂镇',2812,1),
	(51135,'龙湾屯镇',2812,1),
	(51136,'马坡地区',2812,1),
	(51137,'木林镇',2812,1),
	(51138,'南彩镇',2812,1),
	(51139,'南法信地区',2812,1),
	(51140,'牛栏山地区',2812,1),
	(51141,'仁和地区',2812,1),
	(51142,'胜利街道',2812,1),
	(51143,'石园街道',2812,1),
	(51144,'双丰街道',2812,1),
	(51145,'天竺地区',2812,1),
	(51146,'旺泉街道',2812,1),
	(51147,'杨镇地区',2812,1),
	(51148,'张镇',2812,1),
	(51149,'赵全营镇',2812,1),
	(51180,'丹徒新区',972,1),
	(51198,'大石坝街道',50950,1),
	(51199,'海棠溪街道',50951,1),
	(51200,'云枫街道',132,1),
	(51201,'文峰街道',132,1),
	(51202,'白桥镇',132,1),
	(51203,'大德镇',132,1),
	(51204,'金峰镇',132,1),
	(51205,'谭家镇',132,1),
	(51206,'天和镇',132,1),
	(51207,'白泉乡',132,1),
	(51216,'六环内（马驹桥镇）',2809,1),
	(51217,'六环外（马驹桥镇）',2809,1),
	(51218,'永顺镇',2809,1),
	(51219,'梨园镇',2809,1),
	(51220,'宋庄镇',2809,1),
	(51221,'漷县镇',2809,1),
	(51222,'张家湾镇',2809,1),
	(51223,'西集镇',2809,1),
	(51224,'永乐店镇',2809,1),
	(51225,'潞城镇',2809,1),
	(51226,'台湖镇',2809,1),
	(51227,'于家务乡',2809,1),
	(51228,'中仓街道',2809,1),
	(51229,'新华街道',2809,1),
	(51230,'玉桥街道',2809,1),
	(51231,'北苑街道',2809,1),
	(51232,'次渠镇',2809,1),
	(51245,'龙虎山风景旅游区',1857,1),
	(51505,'延庆镇',3065,1),
	(51506,'城区',3065,1),
	(51507,'康庄镇',3065,1),
	(51508,'八达岭镇',3065,1),
	(51509,'永宁镇',3065,1),
	(51510,'旧县镇',3065,1),
	(51511,'张山营镇',3065,1),
	(51512,'四海镇',3065,1),
	(51513,'千家店镇',3065,1),
	(51514,'沈家营镇',3065,1),
	(51515,'大榆树镇',3065,1),
	(51516,'井庄镇',3065,1),
	(51517,'大庄科乡',3065,1),
	(51518,'刘斌堡乡',3065,1),
	(51519,'香营乡',3065,1),
	(51520,'珍珠泉乡',3065,1),
	(51528,'城区',2808,1),
	(51529,'大安山乡',2808,1),
	(51530,'大石窝镇',2808,1),
	(51531,'窦店镇',2808,1),
	(51532,'佛子庄乡',2808,1),
	(51534,'韩村河镇',2808,1),
	(51535,'河北镇',2808,1),
	(51536,'良乡镇',2808,1),
	(51537,'琉璃河镇',2808,1),
	(51538,'南窖乡',2808,1),
	(51539,'蒲洼乡',2808,1),
	(51540,'青龙湖镇',2808,1),
	(51541,'十渡镇',2808,1),
	(51542,'石楼镇',2808,1),
	(51543,'史家营乡',2808,1),
	(51544,'霞云岭乡',2808,1),
	(51545,'新镇',2808,1),
	(51546,'阎村镇',2808,1),
	(51547,'燕山地区',2808,1),
	(51548,'张坊镇',2808,1),
	(51549,'长沟镇',2808,1),
	(51550,'长阳镇',2808,1),
	(51551,'周口店镇',2808,1),
	(51552,'城区',2807,1),
	(51553,'龙泉镇',2807,1),
	(51554,'永定镇',2807,1),
	(51555,'大台镇',2807,1),
	(51556,'潭柘寺镇',2807,1),
	(51557,'王平镇',2807,1),
	(51558,'军庄镇',2807,1),
	(51559,'妙峰山镇',2807,1),
	(51560,'雁翅镇',2807,1),
	(51561,'斋堂镇',2807,1),
	(51562,'清水镇',2807,1),
	(51706,'永乐镇',131,1),
	(51800,'城区',2830,1),
	(51801,'川沙新镇',2830,1),
	(51802,'高桥镇',2830,1),
	(51803,'北蔡镇',2830,1),
	(51804,'合庆镇',2830,1),
	(51805,'唐镇',2830,1),
	(51806,'曹路镇',2830,1),
	(51807,'金桥镇',2830,1),
	(51808,'高行镇',2830,1),
	(51809,'高东镇',2830,1),
	(51810,'张江镇',2830,1),
	(51811,'三林镇',2830,1),
	(51812,'南汇新城镇',2830,1),
	(51822,'祝桥镇',2830,1),
	(51823,'新场镇',2830,1),
	(51824,'惠南镇',2830,1),
	(51825,'康桥镇',2830,1),
	(51826,'宣桥镇',2830,1),
	(51827,'书院镇',2830,1),
	(51828,'大团镇',2830,1),
	(51829,'周浦镇',2830,1),
	(51830,'芦潮港镇',2830,1),
	(51831,'泥城镇',2830,1),
	(51832,'航头镇',2830,1),
	(51833,'万祥镇',2830,1),
	(51834,'老港镇',2830,1),
	(51881,'新城区',2376,1),
	(51911,'罗店镇',2824,1),
	(51912,'大场镇',2824,1),
	(51913,'杨行镇',2824,1),
	(51914,'月浦镇',2824,1),
	(51915,'罗泾镇',2824,1),
	(51916,'顾村镇',2824,1),
	(51917,'高境镇',2824,1),
	(51918,'庙行镇',2824,1),
	(51919,'淞南镇',2824,1),
	(51920,'宝山城市工业园区',2824,1),
	(51921,'城区',2824,1),
	(51928,'南桥镇',2837,1),
	(51929,'奉城镇',2837,1),
	(51930,'四团镇',2837,1),
	(51931,'城区',2825,1),
	(51932,'莘庄镇',2825,1),
	(51933,'七宝镇',2825,1),
	(51934,'浦江镇',2825,1),
	(51935,'梅陇镇',2825,1),
	(51936,'虹桥镇',2825,1),
	(51937,'马桥镇',2825,1),
	(51938,'吴泾镇',2825,1),
	(51939,'华漕镇',2825,1),
	(51940,'颛桥镇',2825,1),
	(51941,'城区',2826,1),
	(51942,'南翔镇',2826,1),
	(51943,'马陆镇',2826,1),
	(51944,'华亭镇',2826,1),
	(51945,'江桥镇',2826,1),
	(51946,'菊园新区',2826,1),
	(51947,'安亭镇',2826,1),
	(51948,'徐行镇',2826,1),
	(51949,'外冈镇',2826,1),
	(51950,'嘉定工业区',2826,1),
	(51951,'朱家角镇',2833,1),
	(51952,'赵巷镇',2833,1),
	(51953,'徐泾镇',2833,1),
	(51954,'华新镇',2833,1),
	(51955,'重固镇',2833,1),
	(51956,'白鹤镇',2833,1),
	(51957,'练塘镇',2833,1),
	(51958,'金泽镇',2833,1),
	(51959,'城区',2833,1),
	(51960,'城区',2835,1),
	(51961,'金山工业区',2835,1),
	(51962,'朱泾镇',2835,1),
	(51963,'枫泾镇',2835,1),
	(51964,'张堰镇',2835,1),
	(51965,'亭林镇',2835,1),
	(51966,'吕巷镇',2835,1),
	(51967,'廊下镇',2835,1),
	(51968,'金山卫镇',2835,1),
	(51970,'漕泾镇',2835,1),
	(51971,'山阳镇',2835,1),
	(51972,'城区',2820,1),
	(51973,'城区',2817,1),
	(51974,'城区',2823,1),
	(51975,'城区',2815,1),
	(51976,'城区',2813,1),
	(51978,'城区',78,1),
	(51979,'城区',2822,1),
	(51980,'城区',2841,1),
	(51982,'城区',2834,1),
	(51983,'泗泾镇',2834,1),
	(51984,'佘山镇',2834,1),
	(51985,'车墩镇',2834,1),
	(51986,'新桥镇',2834,1),
	(51987,'洞泾镇',2834,1),
	(51988,'九亭镇',2834,1),
	(51989,'泖港镇',2834,1),
	(51990,'石湖荡镇',2834,1),
	(51991,'新浜镇',2834,1),
	(51992,'叶榭镇',2834,1),
	(51993,'小昆山镇',2834,1),
	(51994,'柘林镇',2837,1),
	(51995,'庄行镇',2837,1),
	(51996,'金汇镇',2837,1),
	(51997,'青村镇',2837,1),
	(51998,'海湾镇',2837,1);

/*!40000 ALTER TABLE `zhihui_area_district` ENABLE KEYS */;
UNLOCK TABLES;


# Dump of table zhihui_area_province
# ------------------------------------------------------------

DROP TABLE IF EXISTS `zhihui_area_province`;

CREATE TABLE `zhihui_area_province` (
  `province_id` int(11) unsigned NOT NULL AUTO_INCREMENT,
  `province_name` varchar(50) DEFAULT NULL,
  `status` int(11) DEFAULT '1',
  PRIMARY KEY (`province_id`),
  KEY `status` (`status`)
) ENGINE=InnoDB DEFAULT CHARSET=utf8 ROW_FORMAT=DYNAMIC;

LOCK TABLES `zhihui_area_province` WRITE;
/*!40000 ALTER TABLE `zhihui_area_province` DISABLE KEYS */;

INSERT INTO `zhihui_area_province` (`province_id`, `province_name`, `status`)
VALUES
	(1,'北京',1),
	(2,'上海',1),
	(3,'天津',1),
	(4,'重庆',1),
	(5,'河北',1),
	(6,'山西',1),
	(7,'河南',1),
	(8,'辽宁',1),
	(9,'吉林',1),
	(10,'黑龙江',1),
	(11,'内蒙古',1),
	(12,'江苏',1),
	(13,'山东',1),
	(14,'安徽',1),
	(15,'浙江',1),
	(16,'福建',1),
	(17,'湖北',1),
	(18,'湖南',1),
	(19,'广东',1),
	(20,'广西',1),
	(21,'江西',1),
	(22,'四川',1),
	(23,'海南',1),
	(24,'贵州',1),
	(25,'云南',1),
	(26,'西藏',0),
	(27,'陕西',1),
	(28,'甘肃',1),
	(29,'青海',1),
	(30,'宁夏',1),
	(31,'新疆',0),
	(32,'台湾',0),
	(42,'香港',0),
	(43,'澳门',0),
	(84,'钓鱼岛',0);

/*!40000 ALTER TABLE `zhihui_area_province` ENABLE KEYS */;
UNLOCK TABLES;


# Dump of table zhihui_broker_company
# ------------------------------------------------------------

DROP TABLE IF EXISTS `zhihui_broker_company`;

CREATE TABLE `zhihui_broker_company` (
  `id` int(11) unsigned NOT NULL AUTO_INCREMENT,
  `broker_company_name` varchar(50) NOT NULL DEFAULT '' COMMENT '经纪公司名称',
  PRIMARY KEY (`id`)
) ENGINE=InnoDB DEFAULT CHARSET=utf8 COMMENT='经纪公司表';



# Dump of table zhihui_broker_company_account
# ------------------------------------------------------------

DROP TABLE IF EXISTS `zhihui_broker_company_account`;

CREATE TABLE `zhihui_broker_company_account` (
  `id` smallint(5) unsigned NOT NULL AUTO_INCREMENT,
  `broker_company_id` int(11) unsigned DEFAULT '0' COMMENT '经纪公司ID',
  `login_name` varchar(60) DEFAULT '' COMMENT '登陆账号',
  `password` varchar(32) DEFAULT '' COMMENT '登陆密码',
  `salt` varchar(10) DEFAULT '' COMMENT '混淆码',
  `real_name` varchar(50) DEFAULT '' COMMENT '真实姓名',
  `phone` varchar(30) DEFAULT '' COMMENT '手机号',
  `qq` varchar(100) DEFAULT '' COMMENT 'QQ',
  `wechat` varchar(100) DEFAULT '' COMMENT '微信',
  `last_login_time` int(11) DEFAULT '0' COMMENT '最后登陆时间',
  `last_ip` varchar(15) DEFAULT '' COMMENT '最后登陆IP',
  `disable` tinyint(1) DEFAULT '0' COMMENT '账号状态。0启用，1禁用',
  `add_time` int(11) unsigned DEFAULT '0' COMMENT '账号创建时间。',
  `update_time` int(11) unsigned DEFAULT '0' COMMENT '账号最后修改时间。',
  PRIMARY KEY (`id`),
  KEY `broker_company_id` (`broker_company_id`)
) ENGINE=InnoDB DEFAULT CHARSET=utf8 COMMENT='经纪公司帐号表';



# Dump of table zhihui_broker_company_store
# ------------------------------------------------------------

DROP TABLE IF EXISTS `zhihui_broker_company_store`;

CREATE TABLE `zhihui_broker_company_store` (
  `id` int(11) unsigned NOT NULL AUTO_INCREMENT,
  `broker_company_id` int(11) unsigned DEFAULT '0' COMMENT '经纪公司ID',
  `store_name` varchar(50) DEFAULT '' COMMENT '门店名称',
  `phone` varchar(50) DEFAULT '' COMMENT '联系电话',
  `province_id` int(11) unsigned DEFAULT '0' COMMENT '省份ID',
  `city_id` int(11) unsigned DEFAULT '0' COMMENT '城市ID',
  `district_id` int(11) unsigned DEFAULT '0' COMMENT '区/县ID',
  `address` varchar(255) DEFAULT '' COMMENT '详细地址',
  `add_time` int(11) unsigned DEFAULT '0' COMMENT '创建时间。',
  `update_time` int(11) unsigned DEFAULT '0' COMMENT '最后修改时间。',
  PRIMARY KEY (`id`),
  KEY `broker_company_id` (`broker_company_id`)
) ENGINE=InnoDB DEFAULT CHARSET=utf8 COMMENT='经纪公司门店表';



# Dump of table zhihui_commission
# ------------------------------------------------------------

DROP TABLE IF EXISTS `zhihui_commission`;

CREATE TABLE `zhihui_commission` (
  `id` int(11) NOT NULL AUTO_INCREMENT,
  `broker_company_id` int(11) DEFAULT '0' COMMENT '经纪公司ID',
  `seller_manager_id` int(11) DEFAULT '0' COMMENT '销售经理ID',
  `standard_id` int(11) DEFAULT '0' COMMENT '提成标准ID',
  `year` int(11) DEFAULT '0' COMMENT '年',
  `month` int(11) DEFAULT '0' COMMENT '月',
  `rank` int(11) DEFAULT '0' COMMENT '本月排名',
  `achievements` decimal(10,2) DEFAULT '0.00' COMMENT '本月业绩',
  `rake` decimal(10,2) DEFAULT '0.00' COMMENT '本月提成',
  `bonus` decimal(10,2) DEFAULT '0.00' COMMENT '本月奖金',
  `subsidy` decimal(10,2) DEFAULT '0.00' COMMENT '其它补贴',
  `tax` decimal(10,2) DEFAULT '0.00' COMMENT '扣税',
  `other_minus` decimal(10,2) DEFAULT '0.00' COMMENT '其他扣除',
  `should_pay` decimal(10,2) DEFAULT '0.00' COMMENT '应发工资',
  `actual_delivery` decimal(10,2) DEFAULT '0.00' COMMENT '实发工资',
  `status` int(11) DEFAULT '0' COMMENT '发放状态。0未发放，1已发放',
  `remarks` varchar(500) DEFAULT '' COMMENT '备注',
  `add_time` int(11) DEFAULT '0' COMMENT '添加时间',
  `update_time` int(11) DEFAULT '0' COMMENT '最后修改时间',
  PRIMARY KEY (`id`),
  KEY `seller_manager_id` (`seller_manager_id`),
  KEY `year` (`year`),
  KEY `month` (`month`)
) ENGINE=InnoDB DEFAULT CHARSET=utf8 COMMENT='佣金表';



# Dump of table zhihui_commission_standard
# ------------------------------------------------------------

DROP TABLE IF EXISTS `zhihui_commission_standard`;

CREATE TABLE `zhihui_commission_standard` (
  `id` int(11) NOT NULL AUTO_INCREMENT,
  `standard_name` varchar(100) DEFAULT '' COMMENT '提成标准名称',
  PRIMARY KEY (`id`)
) ENGINE=InnoDB DEFAULT CHARSET=utf8 COMMENT='佣金提成标准表';



# Dump of table zhihui_customer
# ------------------------------------------------------------

DROP TABLE IF EXISTS `zhihui_customer`;

CREATE TABLE `zhihui_customer` (
  `id` int(11) unsigned NOT NULL AUTO_INCREMENT,
  `broker_company_id` int(11) unsigned DEFAULT '0' COMMENT '经纪公司ID',
  `real_name` varchar(50) DEFAULT '' COMMENT '真实姓名',
  `gender` varchar(20) DEFAULT '0' COMMENT '性别',
  `nationality` varchar(50) DEFAULT '' COMMENT '国籍',
  `idcard_type` varchar(50) DEFAULT '' COMMENT '证件类型',
  `idcard_no` varchar(128) DEFAULT '' COMMENT '证件号',
  `idcard_img_a` int(11) DEFAULT '0' COMMENT '证件图片',
  `phone` varchar(30) DEFAULT '' COMMENT '手机号',
  `wechat` varchar(100) DEFAULT '' COMMENT '微信',
  `birthday` int(11) unsigned DEFAULT '0' COMMENT '出生日期',
  `province_id` int(11) unsigned DEFAULT '0' COMMENT '省份ID',
  `city_id` int(11) unsigned DEFAULT '0' COMMENT '城市ID',
  `district_id` int(11) unsigned DEFAULT '0' COMMENT '区/县ID',
  `address` varchar(255) DEFAULT '' COMMENT '详细地址',
  `add_time` int(11) unsigned DEFAULT '0' COMMENT '创建时间。',
  `update_time` int(11) unsigned DEFAULT '0' COMMENT '最后修改时间。',
  PRIMARY KEY (`id`),
  KEY `broker_company_id` (`broker_company_id`)
) ENGINE=InnoDB DEFAULT CHARSET=utf8 COMMENT='客户表';



# Dump of table zhihui_file
# ------------------------------------------------------------

DROP TABLE IF EXISTS `zhihui_file`;

CREATE TABLE `zhihui_file` (
  `id` int(11) NOT NULL AUTO_INCREMENT,
  `original_name` varchar(512) DEFAULT '' COMMENT '原文件名',
  `save_name` varchar(100) DEFAULT '' COMMENT '保存的文件名',
  `save_path` varchar(200) DEFAULT '' COMMENT '保存的文件路径',
  `file_path` varchar(300) DEFAULT '' COMMENT '保存的文件路径',
  `file_ext` varchar(50) DEFAULT '' COMMENT '文件后缀',
  `file_size` int(11) DEFAULT '0' COMMENT '文件大小',
  `file_type` varchar(200) DEFAULT '' COMMENT '文件mini类型',
  `add_time` int(11) NOT NULL DEFAULT '0' COMMENT '添加时间',
  `update_time` int(11) NOT NULL DEFAULT '0' COMMENT '最后修改时间',
  PRIMARY KEY (`id`)
) ENGINE=InnoDB DEFAULT CHARSET=utf8 COMMENT='文件表';



# Dump of table zhihui_order
# ------------------------------------------------------------

DROP TABLE IF EXISTS `zhihui_order`;

CREATE TABLE `zhihui_order` (
  `id` int(11) NOT NULL AUTO_INCREMENT,
  `order_sn` varchar(128) DEFAULT '' COMMENT '工单编号',
  `product_id` int(11) unsigned DEFAULT '0' COMMENT '产品ID',
  `customer_id` int(11) unsigned DEFAULT '0' COMMENT '客户ID',
  `seller_manager_id` int(11) unsigned DEFAULT '0' COMMENT '销售经理ID',
  `broker_company_id` int(11) unsigned DEFAULT '0' COMMENT '经纪公司ID',
  `service_providers_id` int(11) unsigned DEFAULT '0' COMMENT '服务商ID',
  `pay_amount` decimal(10,2) DEFAULT '0.00' COMMENT '消费金额',
  `store_id` int(11) unsigned DEFAULT '0' COMMENT '门店ID',
  `attachment` int(11) unsigned DEFAULT '0' COMMENT '附件文件ID',
  `signed_time` int(11) unsigned DEFAULT '0' COMMENT '签约时间',
  `reservation_time` int(11) unsigned DEFAULT '0' COMMENT '预约时间',
  `pay_time` int(11) unsigned DEFAULT '0' COMMENT '消费时间',
  `visit_time` int(11) unsigned DEFAULT '0' COMMENT '回访时间',
  `seller_manager_remarks` varchar(500) DEFAULT '' COMMENT '销售经理备注',
  `review` tinyint(1) unsigned DEFAULT '0' COMMENT '审核状态。0未处理，1审核中，2通过，3拒绝, 9终止。',
  `status` tinyint(1) unsigned DEFAULT '0' COMMENT '工单状态。0签约，1已预约，2已消费，3已回访。',
  PRIMARY KEY (`id`)
) ENGINE=InnoDB DEFAULT CHARSET=utf8 COMMENT='工单表';



# Dump of table zhihui_order_review
# ------------------------------------------------------------

DROP TABLE IF EXISTS `zhihui_order_review`;

CREATE TABLE `zhihui_order_review` (
  `id` int(11) NOT NULL AUTO_INCREMENT,
  `order_sn` varchar(128) DEFAULT '' COMMENT '工单编号',
  `account_type` varchar(20) DEFAULT '' COMMENT '账号类型',
  `account_id` int(11) unsigned DEFAULT '0' COMMENT '账号ID',
  `review_remarks` varchar(500) DEFAULT '' COMMENT '审批意见',
  `review` tinyint(1) unsigned DEFAULT '0' COMMENT '操作的审核状态。0未处理，1审核中，2通过，3拒绝。',
  `status` tinyint(1) unsigned DEFAULT '0' COMMENT '工单状态。0签约，1已预约，2已消费，3已回访。',
  `add_time` int(11) NOT NULL DEFAULT '0' COMMENT '添加时间',
  PRIMARY KEY (`id`)
) ENGINE=InnoDB DEFAULT CHARSET=utf8 COMMENT='工单审核表';



# Dump of table zhihui_picture
# ------------------------------------------------------------

DROP TABLE IF EXISTS `zhihui_picture`;

CREATE TABLE `zhihui_picture` (
  `id` int(11) NOT NULL AUTO_INCREMENT,
  `original_name` varchar(512) DEFAULT '' COMMENT '图片原文件名',
  `save_name` varchar(100) DEFAULT '' COMMENT '保存的文件名',
  `save_path` varchar(200) DEFAULT '' COMMENT '保存的文件路径',
  `file` varchar(200) DEFAULT '' COMMENT '保存的文件路径',
  `file_ext` varchar(50) DEFAULT '' COMMENT '图片后缀',
  `pic_size` int(11) DEFAULT '0' COMMENT '图片文件大小',
  `pic_width` int(11) DEFAULT '0' COMMENT '图片宽度',
  `pic_height` int(11) DEFAULT '0' COMMENT '图片高度',
  `pic_mime` varchar(200) DEFAULT '' COMMENT '图片MIME类型',
  `pic_type` varchar(200) DEFAULT '' COMMENT '图片的后缀类型',
  `add_time` int(11) NOT NULL DEFAULT '0' COMMENT '添加时间',
  `update_time` int(11) NOT NULL DEFAULT '0' COMMENT '最后修改时间',
  PRIMARY KEY (`id`)
) ENGINE=InnoDB DEFAULT CHARSET=utf8 COMMENT='图片表';



# Dump of table zhihui_product
# ------------------------------------------------------------

DROP TABLE IF EXISTS `zhihui_product`;

CREATE TABLE `zhihui_product` (
  `id` int(11) unsigned NOT NULL AUTO_INCREMENT,
  `broker_company_id` int(11) unsigned DEFAULT '0' COMMENT '经纪公司ID',
  `type_id` int(11) unsigned DEFAULT '0' COMMENT '产品类别ID',
  `product_name` varchar(100) DEFAULT '' COMMENT '产品名称',
  `product_price` decimal(10,2) DEFAULT '0.00' COMMENT '产品价格',
  `service_providers_id` int(11) unsigned DEFAULT '0' COMMENT '服务商ID',
  `store_id` text COMMENT '门店ID字符串。逗号分割',
  `intro` varchar(500) DEFAULT '' COMMENT '产品简介',
  `content` text COMMENT '产品详情',
  `remarks` varchar(500) DEFAULT '' COMMENT '产品备注',
  `sell_number` int(11) unsigned DEFAULT '0' COMMENT '销售数量',
  `status` tinyint(1) DEFAULT '0' COMMENT '状态。0未发布，1已发布',
  `add_time` int(11) unsigned DEFAULT '0' COMMENT '创建时间。',
  `update_time` int(11) unsigned DEFAULT '0' COMMENT '最后修改时间。',
  PRIMARY KEY (`id`)
) ENGINE=InnoDB DEFAULT CHARSET=utf8 COMMENT='产品';



# Dump of table zhihui_product_type
# ------------------------------------------------------------

DROP TABLE IF EXISTS `zhihui_product_type`;

CREATE TABLE `zhihui_product_type` (
  `id` int(11) unsigned NOT NULL AUTO_INCREMENT,
  `broker_company_id` int(11) unsigned DEFAULT '0' COMMENT '经纪公司ID',
  `type_name` varchar(50) DEFAULT '' COMMENT '产品名称',
  PRIMARY KEY (`id`)
) ENGINE=InnoDB DEFAULT CHARSET=utf8 COMMENT='产品类别';



# Dump of table zhihui_seller_manager
# ------------------------------------------------------------

DROP TABLE IF EXISTS `zhihui_seller_manager`;

CREATE TABLE `zhihui_seller_manager` (
  `id` int(11) unsigned NOT NULL AUTO_INCREMENT,
  `broker_company_id` int(11) unsigned DEFAULT '0' COMMENT '经纪公司ID',
  `login_name` varchar(60) DEFAULT '' COMMENT '登陆账号',
  `password` varchar(32) DEFAULT '' COMMENT '登陆密码',
  `salt` varchar(10) DEFAULT '' COMMENT '混淆码',
  `base_salary` decimal(10,2) unsigned DEFAULT '0.00' COMMENT '基本薪资',
  `province_id` int(11) unsigned DEFAULT '0' COMMENT '省份ID',
  `city_id` int(11) unsigned DEFAULT '0' COMMENT '城市ID',
  `real_name` varchar(50) DEFAULT '' COMMENT '真实姓名',
  `phone` varchar(30) DEFAULT '' COMMENT '手机号',
  `qq` varchar(100) DEFAULT '' COMMENT 'QQ',
  `wechat` varchar(100) DEFAULT '' COMMENT '微信',
  `last_login_time` int(11) DEFAULT '0' COMMENT '最后登陆时间',
  `last_ip` varchar(15) DEFAULT '' COMMENT '最后登陆IP',
  `disable` tinyint(1) DEFAULT '0' COMMENT '账号状态。0启用，1禁用',
  `add_time` int(11) unsigned DEFAULT '0' COMMENT '账号创建时间。',
  `update_time` int(11) unsigned DEFAULT '0' COMMENT '账号最后修改时间。',
  PRIMARY KEY (`id`),
  KEY `broker_company_id` (`broker_company_id`)
) ENGINE=InnoDB DEFAULT CHARSET=utf8 COMMENT='销售经理表';



# Dump of table zhihui_service_providers
# ------------------------------------------------------------

DROP TABLE IF EXISTS `zhihui_service_providers`;

CREATE TABLE `zhihui_service_providers` (
  `id` int(11) unsigned NOT NULL AUTO_INCREMENT,
  `broker_company_id` int(11) unsigned DEFAULT '0' COMMENT '经纪公司ID',
  `service_providers_name` varchar(50) DEFAULT '' COMMENT '服务商名称',
  PRIMARY KEY (`id`)
) ENGINE=InnoDB DEFAULT CHARSET=utf8 COMMENT='服务商管理';




/*!40111 SET SQL_NOTES=@OLD_SQL_NOTES */;
/*!40101 SET SQL_MODE=@OLD_SQL_MODE */;
/*!40014 SET FOREIGN_KEY_CHECKS=@OLD_FOREIGN_KEY_CHECKS */;
/*!40101 SET CHARACTER_SET_CLIENT=@OLD_CHARACTER_SET_CLIENT */;
/*!40101 SET CHARACTER_SET_RESULTS=@OLD_CHARACTER_SET_RESULTS */;
/*!40101 SET COLLATION_CONNECTION=@OLD_COLLATION_CONNECTION */;
